Unnamed: 0,name,address,cuisine,lat,lon,opening_hours,image_url,rating,coordinates,square_i,square_j,nearest_town,website
701,The Halia,The Halia - Cluny Road Ginger Garden [Islandwide Delivery],"['Western', 'Local', 'Halal', 'Islandwide Delivery', 'Kids Friendly']",1.3112645795731002,103.81504245,"{'open': True, 'displayedHours': '11:00-18:00', 'sun': '11:00-18:00', 'mon': '11:00-18:00', 'tue': '11:00-18:00', 'wed': '11:00-18:00', 'thu': '11:00-18:00', 'fri': '11:00-18:00', 'sat': '11:00-18:00'}",https://d1sag4ddilekf6.cloudfront.net/compressed/merchants/SGDD06876/hero/9778a62e9e0a40d89272e430b01c6ce3_1597471724056526706.jpeg,3.7,"[1.3112645795731002, 103.81504245]",3,7,TANGLIN,https://thehalia.com/
712,Nando's,Nando's - Tanglin Mall [Islandwide Delivery],"['Halal', 'Western', 'Beverages', 'Vegetarian', 'Islandwide Delivery']",1.304898,103.823568,"{'open': True, 'displayedHours': '11:00-22:00', 'sun': '11:00-22:00', 'mon': '11:00-22:00', 'tue': '11:00-22:00', 'wed': '11:00-22:00', 'thu': '11:00-22:00', 'fri': '11:00-22:00', 'sat': '11:00-22:00'}",https://d1sag4ddilekf6.cloudfront.net/compressed/merchants/SGDD01799/hero/08868589a16e48d4ae744d5d3a4f36f8_1621325265512943501.jpeg,4.2,"[1.304898, 103.823568]",2,7,TANGLIN,https://www.nandos.com.sg/
743,Tuga Portuguese Restaurant,Tuga Portuguese Restaurant - Dempsey Road [Islandwide Delivery],"['Dessert', 'Seafood', 'Vegetarian Friendly', 'Western', 'Islandwide Delivery']",1.3043082,103.8096118,"{'open': True, 'displayedHours': '11:30-21:30', 'sun': '11:30-21:30', 'mon': '11:30-21:30', 'tue': '11:30-21:30', 'wed': '11:30-21:30', 'thu': '11:30-21:30', 'fri': '11:30-21:30', 'sat': '11:30-21:30'}",https://d1sag4ddilekf6.cloudfront.net/compressed/merchants/4-CZJGLVDJAZL3NN/hero/a2fe17aeed31444bbbd2a4a522c1ccc3_1590654871797130043.jpg,3.0,"[1.3043082, 103.8096118]",2,6,TANGLIN,https://tuga.sg/our-menu/
754,Chang Korean BBQ Restaurant,Chang Korean BBQ Restaurant - Loewen Road [Islandwide Delivery],"['Korean', 'BBQ', 'Noodles', 'Islandwide Delivery']",1.3018232,103.81179333333333,"{'open': True, 'displayedHours': '11:00-21:00', 'sun': '11:00-21:00', 'mon': '11:00-21:00', 'tue': '11:00-21:00', 'wed': '11:00-21:00', 'thu': '11:00-21:00', 'fri': '11:00-21:00', 'sat': '11:00-21:00'}",https://d1sag4ddilekf6.cloudfront.net/compressed/merchants/4-CZEFRCBTGPCAJN/hero/1c829ceefc084c83924647a539088ebc_1598442241741352029.jpeg,3.6,"[1.3018232, 103.81179333333333]",2,7,TANGLIN,http://changbbq.com.sg/
766,Red Sparrow,Red Sparrow - Dempsey Road [Islandwide Delivery],"['Noodles', 'Local', 'Vietnamese', 'Islandwide Delivery']",1.30398505,103.8100367,"{'open': True, 'displayedHours': '12:00-21:30', 'sun': '12:00-21:30', 'mon': '12:00-21:30', 'tue': '12:00-21:30', 'wed': '12:00-21:30', 'thu': '12:00-21:30', 'fri': '12:00-21:30', 'sat': '12:00-21:30'}",https://d1sag4ddilekf6.cloudfront.net/compressed/merchants/4-CZMBAUJECAW2LJ/hero/f7475ce535734ec08c938bd8acd5e8bf_1596187214101662742.jpeg,3.3,"[1.30398505, 103.8100367]",2,6,TANGLIN,https://food.grab.com/sg/en/restaurant/red-sparrow-dempsey-road-delivery/4-CZMBAUJECAW2LJ
773,The Pantry,The Pantry - Dempsey Road [Islandwide Delivery],"['Asian', 'International', 'Islandwide Delivery']",1.30534131545695,103.8112572,"{'open': True, 'displayedHours': '09:30-20:30', 'sun': '09:30-20:30', 'mon': 'Closed', 'tue': '09:20-20:30', 'wed': '09:30-20:30', 'thu': '09:30-20:30', 'fri': '09:30-20:30', 'sat': '09:30-20:30'}",https://d1sag4ddilekf6.cloudfront.net/compressed/merchants/4-CZDJKF2GAVA1NA/hero/a0d1917b7ddb4352bd772098447c9686_1588315046471844985.png,4.1,"[1.30534131545695, 103.8112572]",2,6,TANGLIN,https://www.comodempsey.sg/the-pantry
779,COMO Cuisine,COMO Cuisine - Dempsey Road [Islandwide Delivery],"['Asian', 'Islandwide Delivery', 'International']",1.3059067,103.81042924,"{'open': True, 'displayedHours': '09:30-21:00', 'sun': '09:30-21:00', 'mon': '09:30-21:00', 'tue': '09:30-21:00', 'wed': '09:30-21:00', 'thu': '09:30-21:00', 'fri': '09:30-21:00', 'sat': '09:30-21:00'}",https://d1sag4ddilekf6.cloudfront.net/compressed/merchants/4-CZDJGX4UDAMCJA/hero/03ddd283adc2413eaeee51b35bb46608_1586835354755910291.jpg,4.4,"[1.3059067, 103.81042924]",2,6,TANGLIN,https://www.comodempsey.sg/restaurant/como-cuisine
785,Culina Bistro,Culina Bistro - Dempsey Road [Islandwide Delivery],"['French', 'Western', 'Chicken', 'Islandwide Delivery']",1.3053755,103.8103963,"{'open': True, 'displayedHours': '11:30-21:00', 'sun': '11:30-21:00', 'mon': '11:30-21:00', 'tue': '11:30-21:00', 'wed': '11:30-21:00', 'thu': '11:30-21:00', 'fri': '11:30-21:00', 'sat': '11:30-21:00'}",https://d1sag4ddilekf6.cloudfront.net/compressed/merchants/4-CZDJJU41T2JVNN/hero/728a10c76d2342f7927676d77b733ab7_1586844761355095319.jpg,4.3,"[1.3053755, 103.8103963]",2,6,TANGLIN,https://culina.com.sg/bistro/bistro-and-wine-bar
788,The Dempsey Project,The Dempsey Project - Dempsey Road [Islandwide Delivery],"['Alcohol', 'Islandwide Delivery', 'Groceries', 'Western', 'International']",1.3037899981593566,103.80997785515194,"{'open': True, 'displayedHours': '09:30-21:00', 'sun': '09:30-21:00', 'mon': '09:30-21:00', 'tue': '09:30-21:00', 'wed': '09:30-21:00', 'thu': '09:30-21:00', 'fri': '09:30-21:00', 'sat': '09:30-21:00'}",https://d1sag4ddilekf6.cloudfront.net/compressed/merchants/4-CZDJGLAXLFXJUA/hero/7f6e91ae4006408f9503c69644732656_1617764201006310340.jpeg,4.5,"[1.3037899981593566, 103.80997785515194]",2,6,TANGLIN,https://thedempseyproject.com/
792,Jim Thompson,Jim Thompson - 45 Minden Road[Islandwide Delivery],"['Asian', 'Islandwide Delivery', 'Same Prices In-Store', 'Thai', 'Vegetarian']",1.3053732,103.8154386,"{'open': True, 'displayedHours': '11:15-20:00', 'sun': '11:15-20:00', 'mon': '11:15-20:00', 'tue': '11:15-20:00', 'wed': '11:15-20:00', 'thu': '11:15-20:00', 'fri': '11:15-20:00', 'sat': '11:15-20:00'}",https://d1sag4ddilekf6.cloudfront.net/compressed/merchants/4-CZD1CKD3FB5HC6/hero/f71b92a202a444209b408edf5a0a68cd_1587712482638080988.jpg,4.5,"[1.3053732, 103.8154386]",2,7,TANGLIN,https://www.jimthompson.com/
799,Carrotstick and cravings,Carrotstick and cravings - Loewen [Islandwide Delivery],"['Western', 'Kids Friendly', 'Islandwide Delivery', 'Vegan']",1.3021181327237117,103.8129928,"{'open': True, 'displayedHours': '07:30-20:00', 'sun': '07:30-20:00', 'mon': '07:30-20:00', 'tue': '07:30-20:00', 'wed': '07:30-20:00', 'thu': '07:30-20:00', 'fri': '07:30-20:00', 'sat': '07:30-20:00'}",https://d1sag4ddilekf6.cloudfront.net/compressed/merchants/SGDD06703/hero/3f3d37cabf094d4698f6ef40aea5ba4d_1595209334393467240.jpeg,4.3,"[1.3021181327237117, 103.8129928]",2,7,TANGLIN,https://www.carrotsticksandcravings.com/
800,Dolcetto by Basilico,Dolcetto by Basilico - Regent Singapore [Islandwide Delivery],"['Western', 'Dessert', 'Breakfast', 'Islandwide Delivery']",1.30459584,103.8251371,"{'open': True, 'displayedHours': '07:30-20:30', 'sun': '07:30-20:30', 'mon': '07:30-20:30', 'tue': '07:30-20:30', 'wed': '07:30-20:30', 'thu': '07:30-20:30', 'fri': '07:30-20:30', 'sat': '07:30-20:30'}",https://d1sag4ddilekf6.cloudfront.net/compressed/merchants/4-CZDCJEDJEJ2CCE/hero/22a457d7923143d79f52de684c606508_1586262185978630219.jpeg,4.5,"[1.30459584, 103.8251371]",2,7,TANGLIN,https://www.hilton.com/en/hotels/sinodci-conrad-singapore-orchard/dining/dolcetto/
815,Atout,Atout - Harding Road [Islandwide Delivery],"['French', 'Islandwide Delivery', 'Vegan']",1.3057534,103.8136811,"{'open': True, 'displayedHours': '12:00-19:30', 'sun': '12:00-19:30', 'mon': '12:00-19:30', 'tue': '12:00-19:30', 'wed': '12:00-19:30', 'thu': '12:00-19:30', 'fri': '12:00-19:30', 'sat': '12:00-19:30'}",https://d1sag4ddilekf6.cloudfront.net/compressed/merchants/4-CYTGCXWYNBAFR6/hero/7634bd2bde7d4709a67044c8fb2567d7_1561973534592651305.jpeg,4.3,"[1.3057534, 103.8136811]",2,7,TANGLIN,https://atout.sg/
827,La Forketta,La Forketta - Dempsey [Islandwide Delivery],"['Italian', 'Islandwide Delivery']",1.30342,103.81018543010204,"{'open': True, 'displayedHours': '11:30-21:00', 'sun': '11:30-21:00', 'mon': 'Closed', 'tue': '17:30-21:00', 'wed': '17:30-21:00', 'thu': '17:30-21:00', 'fri': '17:30-21:00', 'sat': '11:30-21:00'}",https://d1sag4ddilekf6.cloudfront.net/compressed/merchants/SGDD00715/hero/9ad0b02b905a4a678e33a5005818938c_1607323889775671805.jpeg,3.7,"[1.30342, 103.81018543010204]",2,6,TANGLIN,https://www.forketta.net/
828,Open Farm Community,Open Farm Community - Minden Road [Islandwide Delivery],"['Breakfast & Brunch', 'Islandwide Delivery', 'Western', 'Salad']",1.3058243841343278,103.8156146,"{'open': True, 'displayedHours': '11:00-21:00', 'sun': '11:00-21:00', 'mon': '11:00-21:00', 'tue': '11:00-21:00', 'wed': '11:00-21:00', 'thu': '11:00-21:00', 'fri': '11:00-21:00', 'sat': '11:00-21:00'}",https://d1sag4ddilekf6.cloudfront.net/compressed/merchants/4-CZEALXLTPAJCVA/hero/386ef25037d94bcbbcbe035daeaa066e_1588265901937294514.png,4.0,"[1.3058243841343278, 103.8156146]",2,7,TANGLIN,https://www.openfarmcommunity.com/
831,Overeasy x Loof,Overeasy x Loof - Harding Road [Islandwide Delivery],"['Western', 'Burger', 'Islandwide Delivery', 'Breakfast & Brunch', 'Same Prices In-Store']",1.3048733,103.8135205,"{'open': True, 'displayedHours': '00:00-01:00 10:00-23:59', 'sun': '00:00-01:00 10:00-23:59', 'mon': '00:00-01:00 10:00-23:59', 'tue': '00:00-01:00 10:00-23:59', 'wed': '00:00-01:00 10:00-23:59', 'thu': '00:00-01:00 10:00-23:59', 'fri': '00:00-01:00 10:00-23:59', 'sat': '00:00-01:00 10:00-23:59'}",https://d1sag4ddilekf6.cloudfront.net/compressed/merchants/4-CYVKSA6YRATACN/hero/ab780a52278441deaaa1e90aa1eea518_1600843502571241253.jpeg,4.1,"[1.3048733, 103.8135205]",2,7,TANGLIN,https://eats.oddle.me/menus/overeasy?&occasion=Burgers%20&%20Pizzas%20&%20Fried%20Chickens
849,The Children's Showcase,The Children's Showcase - Tanglin Mall,"['Gifts', 'Kids Friendly', 'Mart', 'Arts & Crafts', 'Stationeries']",1.305248085,103.8239134,"{'open': True, 'displayedHours': '10:00-18:00', 'sun': '10:00-18:00', 'mon': '10:00-18:00', 'tue': '10:00-18:00', 'wed': '10:00-18:00', 'thu': '10:00-18:00', 'fri': '10:00-18:00', 'sat': '10:00-18:00'}",https://d1sag4ddilekf6.cloudfront.net/compressed/merchants/4-C2L2RUNVCPB1RJ/hero/a651657dfb7d4cb998ef2e78616220f0_1615946449429224964.jpeg,0.0,"[1.305248085, 103.8239134]",2,7,TANGLIN,http://thechildrensshowcase.com/
855,COMO Dempsey - Mix & Match,COMO Dempsey - Mix & Match [Islandwide Delivery],"['Peranakan', 'Local', 'MICHELIN Bib Gourmand', 'Michelin Guide']",1.3054594666666666,103.81039546671649,"{'open': True, 'displayedHours': '09:30-21:00', 'sun': '09:30-21:00', 'mon': '11:30-21:00', 'tue': '09:30-21:00', 'wed': '09:30-21:00', 'thu': '09:30-21:00', 'fri': '09:30-21:00', 'sat': '09:30-21:00'}",https://d1sag4ddilekf6.cloudfront.net/compressed/merchants/4-C2KAV7W1BELJV6/hero/bf8a8d4a1b084be5904d9b06e26f4f0b_1612849310515919380.jpeg,4.3,"[1.3054594666666666, 103.81039546671649]",2,6,TANGLIN,https://www.comodempsey.sg/
857,Min Jiang At Dempsey,Min Jiang at Dempsey - Dempsey Road [Islandwide Delivery],"['Chinese', 'Seafood', 'Islandwide Delivery', 'MICHELIN Plate', 'Same Prices In-Store']",1.3047464,103.8081155,"{'open': True, 'displayedHours': '11:30-20:30', 'sun': '11:30-20:30', 'mon': '11:30-20:30', 'tue': '11:30-20:30', 'wed': '11:30-20:30', 'thu': '11:30-20:30', 'fri': '11:30-20:30', 'sat': '11:30-20:30'}",https://d1sag4ddilekf6.cloudfront.net/compressed/merchants/4-CZJAKGNHNFLZMA/hero/8d0ad2a4700e40d79a47d5685980c0b6_1597461315358037953.jpeg,3.7,"[1.3047464, 103.8081155]",2,6,TANGLIN,https://www.goodwoodparkhotel.com/dining/min-jiang-dempsey
859,Basilico,Basilico - Regent Singapore [Islandwide Delivery],"['Pizza', 'Italian', 'Islandwide Delivery', 'Pasta']",1.3046598,103.82512226833045,"{'open': True, 'displayedHours': '11:00-19:30', 'sun': '11:00-19:30', 'mon': '11:00-19:30', 'tue': '11:00-19:30', 'wed': '11:00-19:30', 'thu': '11:00-19:30', 'fri': '11:00-19:30', 'sat': '11:00-19:30'}",https://d1sag4ddilekf6.cloudfront.net/compressed/merchants/4-CZEUSFJXR3WJNN/hero/f4dac7032d2e403bb598833878e41872_1590560289837949740.jpeg,4.2,"[1.3046598, 103.82512226833045]",2,7,TANGLIN,https://www.hilton.com/en/hotels/sinodci-conrad-singapore-orchard/dining/basilico/
870,Siri House,Siri House - Dempsey Road [Islandwide Delivery],"['Alcohol', 'Asian', 'Islandwide Delivery']",1.303598,103.80958,"{'open': True, 'displayedHours': '12:00-20:00', 'sun': '12:00-20:00', 'mon': '12:00-20:00', 'tue': '12:00-20:00', 'wed': '12:00-20:00', 'thu': '12:00-20:00', 'fri': '12:00-20:00', 'sat': '12:00-20:00'}",https://d1sag4ddilekf6.cloudfront.net/compressed/merchants/4-C2CULGNJTYTAWE/hero/9feaf969e6c44446b677c73b9b9eec04_1615259530342230574.jpeg,0.0,"[1.303598, 103.80958]",2,6,TANGLIN,https://www.sirihouse.com/
871,The Dempsey Cookhouse & Bar,The Dempsey Cookhouse & Bar - Dempsey Road [Islandwide Delivery],"['International', 'Western', 'Islandwide Delivery']",1.3058338,103.810335,"{'open': True, 'displayedHours': '11:30-15:30 16:30-21:00', 'sun': '11:30-15:00 18:00-21:00', 'mon': '12:00-14:30 18:00-21:00', 'tue': '12:00-14:30 18:00-21:00', 'wed': '12:00-14:30 18:00-21:00', 'thu': '12:00-14:30 18:00-21:00', 'fri': '12:00-14:30 18:00-22:00', 'sat': '11:30-15:00 18:00-22:00'}",https://d1sag4ddilekf6.cloudfront.net/compressed/merchants/4-CZDKEK6FTTJCAT/hero/4e5dbcfca0b84aca827bacdc309b0f06_1586952955664223623.jpeg,4.3,"[1.3058338, 103.810335]",2,6,TANGLIN,https://www.comodempsey.sg/restaurant/the-dempsey-cookhouse-and-bar
883,Sin Kee Chicken Rice,Sin Kee Chicken Rice - Bukit Timah Road [Islandwide Delivery],"['Local', 'MICHELIN Bib Gourmand', 'Chinese', 'Islandwide Delivery']",1.3191066,103.81658333741784,"{'open': True, 'displayedHours': '09:00-19:00', 'sun': '09:00-19:00', 'mon': '09:00-19:00', 'tue': '09:00-19:00', 'wed': '09:00-19:00', 'thu': '09:00-19:00', 'fri': '09:00-19:00', 'sat': '09:00-19:00'}",https://d1sag4ddilekf6.cloudfront.net/compressed/merchants/4-CZDKPBAHGCJFRX/hero/8421e9a55b4d40f5aa0f8371318580fc_1586968410690365305.jpg,4.2,"[1.3191066, 103.81658333741784]",3,7,TANGLIN,https://www.facebook.com/sinkeefamouschickenrice/
886,Candlenut,Candlenut - Dempsey Road [Islandwide Delivery],"['Asian', 'Peranakan', 'Islandwide Delivery', '1 MICHELIN Star', 'Local']",1.3058634,103.8102329,"{'open': True, 'displayedHours': '11:30-21:00', 'sun': '11:30-21:00', 'mon': '11:30-15:30 16:30-21:00', 'tue': '11:30-15:30 16:30-21:00', 'wed': '11:30-15:30 16:30-21:00', 'thu': '11:30-15:30 16:30-21:00', 'fri': '11:30-15:30 16:30-21:00', 'sat': '11:30-21:00'}",https://d1sag4ddilekf6.cloudfront.net/compressed/merchants/4-CZDJJPJXT8BXCT/hero/18381c734725480ba30e92be6e105013_1586843518377098653.jpg,4.5,"[1.3058634, 103.8102329]",2,6,TANGLIN,https://www.comodempsey.sg/restaurant/candlenut
892,Bincho at Min Jiang,Bincho at Min Jiang - Dempsey Road [Islandwide Delivery],"['Japanese', 'Islandwide Delivery', 'Izakaya', 'Grill', 'Rice Bowls']",1.3045857,103.8080849,"{'open': True, 'displayedHours': '11:00-21:00', 'sun': '11:00-21:00', 'mon': '11:00-21:00', 'tue': '11:00-21:00', 'wed': '11:00-21:00', 'thu': '11:00-21:00', 'fri': '11:00-21:00', 'sat': '11:00-21:00'}",https://d1sag4ddilekf6.cloudfront.net/compressed/merchants/4-CZDDLJTUTKKYCJ/hero/f22b7352acf242d095b34f550b188ce7_1598162623167659818.jpeg,4.0,"[1.3045857, 103.8080849]",2,6,TANGLIN,https://bincho.com.sg/
896,Summer Palace,Summer Palace - Regent Singapore [Islandwide Delivery],"['Chinese', 'Islandwide Delivery', 'Asian', '1 MICHELIN Star']",1.3047077,103.82517972599793,"{'open': True, 'displayedHours': '11:00-20:00', 'sun': '11:00-20:00', 'mon': '11:00-20:00', 'tue': '11:00-20:00', 'wed': '11:00-20:00', 'thu': '11:00-20:00', 'fri': '11:00-20:00', 'sat': '11:00-20:00'}",https://d1sag4ddilekf6.cloudfront.net/compressed/merchants/4-CZDCJEDBWA3YME/hero/58e17fe028e5470aac7740579fd4fe59_1586435296635450350.jpeg,4.1,"[1.3047077, 103.82517972599793]",2,7,TANGLIN,https://www.quandoo.sg/place/summer-palace-54007/menu
935,CM-PB,CM-PB - Dempsey Road [Islandwide Delivery],"['Asian', 'Burgers', 'Western', 'Islandwide Delivery']",1.30479562357106,103.808935947256,"{'open': True, 'displayedHours': '10:00-20:30', 'sun': '10:00-20:30', 'mon': '11:30-20:30', 'tue': '11:30-20:30', 'wed': '11:30-20:30', 'thu': '11:30-20:30', 'fri': '11:30-20:30', 'sat': '10:00-20:30'}",https://d1sag4ddilekf6.cloudfront.net/compressed/merchants/4-C2TYBBMERNUFG6/hero/317e6e9dff0442d1acee41e4fa154200_1621602331848812435.jpeg,0.0,"[1.30479562357106, 103.808935947256]",2,6,TANGLIN,https://www.cm-pb.net/
965,Spring Flower,Spring Flower - 230 Commonwealth Ave ,"['Flowers', 'Gifts', 'Islandwide Delivery']",1.295869910119752,103.80623977547188,"{'open': True, 'displayedHours': '00:00-23:59', 'sun': '00:00-23:59', 'mon': '00:00-23:59', 'tue': '00:00-23:59', 'wed': '00:00-23:59', 'thu': '00:00-23:59', 'fri': '00:00-23:59', 'sat': '00:00-23:59'}",https://d1sag4ddilekf6.cloudfront.net/compressed/merchants/4-C2LYGLCUSF2VCT/hero/e330cb83c4ff4b64a1c7288672c1dd09_1616153520169068449.jpeg,4.7,"[1.295869910119752, 103.80623977547188]",2,6,TANGLIN,https://www.thepioneerwoman.com/home-lifestyle/gardening/g35511393/spring-flowers/
971,The Coconut Club ft. Overeasy & Loof,The Coconut Club ft. Overeasy & Loof - Harding Road [Islandwide Delivery],['Local'],1.304937,103.813381,"{'open': True, 'displayedHours': '00:00-01:00 10:00-23:59', 'sun': '00:00-01:00 10:00-23:59', 'mon': '00:00-01:00 10:00-23:59', 'tue': '00:00-01:00 10:00-23:59', 'wed': '00:00-01:00 10:00-23:59', 'thu': '00:00-01:00 10:00-23:59', 'fri': '00:00-01:00 10:00-23:59', 'sat': '00:00-01:00 10:00-23:59'}",https://d1sag4ddilekf6.cloudfront.net/compressed/merchants/4-C2UEMCMKAENTR2/hero/ad2f9b2c6fe24d3c944869ca2b9d36c0_1622526138500736833.jpeg,0.0,"[1.304937, 103.813381]",2,7,TANGLIN,https://www.thecoconutclub.sg/
1021,Patara Fine Thai Cuisine,Patara Fine Thai Cuisine - Tanglin Mall [Islandwide Delivery],"['Curry', 'Thai', 'Vegetarian Dishes', 'Islandwide Delivery']",1.3049196322687164,103.82363351,"{'open': True, 'displayedHours': '11:30-21:00', 'sun': '11:30-21:00', 'mon': '11:30-21:00', 'tue': '11:30-21:00', 'wed': '11:30-21:00', 'thu': '11:30-21:00', 'fri': '11:30-21:00', 'sat': '11:30-21:00'}",https://d1sag4ddilekf6.cloudfront.net/compressed/merchants/4-C2CAKBNJVFCBLE/hero/90e4cd8928134564b856fefff2b32aac_1604113738502114857.jpeg,4.1,"[1.3049196322687164, 103.82363351]",2,7,TANGLIN,https://www.sarai.com.sg/
1087,Morsels,Morsels - Dempsey [Islandwide Delivery],"['Japanese', 'Asian', 'Western', 'Islandwide Delivery', 'Fusion']",1.3057656,103.8119037,"{'displayedHours': 'Closed', 'sun': '11:30-14:30', 'mon': 'Closed', 'tue': '12:00-15:00 18:00-20:30', 'wed': '12:00-15:00 18:00-20:30', 'thu': '12:00-15:00 18:00-20:30', 'fri': '12:00-15:00 18:00-20:30', 'sat': '12:00-15:00 18:00-20:30'}",https://d1sag4ddilekf6.cloudfront.net/compressed/merchants/4-CZCUV65VG6TGNN/hero/f8ee6eae7f8b475ebf7a17dbcbdeb597_1585197375974037133.jpg,3.6,"[1.3057656, 103.8119037]",2,7,TANGLIN,https://www.morsels.com.sg/
1149,Yantra,Yantra - Tanglin Mall [Islandwide Delivery],"['Indian', 'Asian', 'Local', 'Islandwide Delivery']",1.3048509475312642,103.82404398282596,"{'displayedHours': 'Closed', 'sun': '11:15-14:45 17:30-21:30', 'mon': '11:15-14:45 17:45-21:30', 'tue': '11:15-14:45 17:30-21:30', 'wed': '11:15-14:45 17:30-21:30', 'thu': '11:15-14:45 17:30-21:30', 'fri': '11:15-14:45 17:30-21:30', 'sat': '11:15-14:45 17:30-21:30'}",https://d1sag4ddilekf6.cloudfront.net/compressed/merchants/4-CZCYN2WAVEK1V2/hero/a5dc9500e09f47d3aef1f176b46c0fb0_1585906666512321348.jpeg,4.3,"[1.3048509475312642, 103.82404398282596]",2,7,TANGLIN,https://www.yantra.com.sg/
1219,Hong Kong Street Long Ji,Hong Kong Street Long Ji - Dawson Road [Islandwide Delivery],"['Local', 'Chinese', 'Asian', 'Islandwide Delivery', 'Same Prices In-Store']",1.2952407,103.81021416666664,"{'displayedHours': 'Closed', 'sun': '10:30-14:15 15:45-21:45', 'mon': '10:30-14:15 15:45-21:45', 'tue': '10:30-14:15 15:45-21:45', 'wed': '10:30-14:15 15:45-21:45', 'thu': '10:30-14:15 15:45-21:45', 'fri': '10:30-14:15 15:45-21:45', 'sat': '10:30-14:15 15:45-21:45'}",https://d1sag4ddilekf6.cloudfront.net/compressed/merchants/4-CYVHJ4B2AZBER2/hero/ff045e65fadb4c16863e94ce057269df_1568628319255231825.jpeg,4.2,"[1.2952407, 103.81021416666664]",2,6,TANGLIN,https://www.foodpanda.sg/restaurant/e2rb/hong-kong-street-long-ji-dawson
1285,Hong Kong Street Cheng Ji,Hong Kong Street Cheng Ji - Dawson Place,"['Asian', 'Chinese', 'Local']",1.2927979389890254,103.81058205453218,"{'open': True, 'displayedHours': '10:00-21:00', 'sun': '10:00-21:00', 'mon': '10:00-21:00', 'tue': '10:00-21:00', 'wed': '10:00-21:00', 'thu': '10:00-21:00', 'fri': '10:00-21:00', 'sat': '10:00-21:00'}",https://d1sag4ddilekf6.cloudfront.net/compressed/merchants/4-CYVTT66ELT2WLE/hero/d0934d0a612449c1a852caa72db62d07_1568717433193499803.jpeg,4.0,"[1.2927979389890254, 103.81058205453218]",2,6,TANGLIN,https://www.foodpanda.sg/restaurant/f4mw/hong-kong-street-cheng-ji-210-hougang
1317,Koo Kee Yong Tow Foo Mee,Koo Kee Yong Tow Foo Mee - Dawson Road,"['Asian', 'Noodles', 'Chinese', 'Local']",1.295261012961305,103.81031057787705,"{'open': True, 'displayedHours': '09:30-20:30', 'sun': '09:30-20:30', 'mon': '09:15-20:30', 'tue': '09:15-20:30', 'wed': '09:15-20:30', 'thu': '09:15-20:30', 'fri': '09:15-20:30', 'sat': '09:30-20:30'}",https://d1sag4ddilekf6.cloudfront.net/compressed/merchants/4-CYLCC2CZNUMGJN/hero/upload-photo-Hero_Photo_18f85fc0b85e4b78bf91e90701a6d36a_1557480991084428409.jpeg,4.4,"[1.295261012961305, 103.81031057787705]",2,6,TANGLIN,https://www.gaojifood.com/en/koo-kee-yong-tow-foo-mee
1422,Mermaid Chong Qing Hotpot,Mermaid Chong Qing Hotpot - Dawson Place,"['Asian', 'Chinese', 'Seafood', 'Mala']",1.29266,103.8107252,"{'open': True, 'displayedHours': '10:30-20:55', 'sun': '10:30-20:50', 'mon': '11:00-20:50', 'tue': '11:00-20:50', 'wed': '11:00-20:50', 'thu': '11:00-20:50', 'fri': '11:00-20:50', 'sat': '10:30-20:55'}",https://d1sag4ddilekf6.cloudfront.net/compressed/merchants/4-C2D3JTWWL3U1ME/hero/6e94a366f6ba4ee180a10bb7b20126a0_1609585397004287497.png,4.1,"[1.29266, 103.8107252]",2,6,TANGLIN,https://m.facebook.com/jiougo/posts/4064778126881609/
1438,Yummy Bites,Yummy Bites - Queenstown MRT Station,"['Same Prices In-Store', 'Local', 'Chinese']",1.294218625,103.8062577,"{'open': True, 'displayedHours': '07:30-20:30', 'sun': '07:30-21:00', 'mon': '07:30-21:00', 'tue': '07:30-21:00', 'wed': '07:30-21:00', 'thu': '07:30-21:00', 'fri': '07:30-21:00', 'sat': '07:30-20:30'}",https://d1sag4ddilekf6.cloudfront.net/compressed/merchants/4-CZDJNNWBVA6GG6/hero/2b01b495340d433dad8d305cb9fd8ff1_1586863265126025818.jpg,4.7,"[1.294218625, 103.8062577]",2,6,TANGLIN,http://www.yummybites.com/en
1444,Korean & Japanese Delights,Korean & Japanese Delights - Dawson Place,"['Korean', 'Japanese', 'Dessert']",1.2926104,103.8107595,"{'open': True, 'displayedHours': '10:30-20:30', 'sun': '10:30-20:30', 'mon': '10:30-20:30', 'tue': '10:30-20:30', 'wed': '10:30-20:30', 'thu': '10:30-20:30', 'fri': '10:30-20:30', 'sat': '10:30-20:30'}",https://d1sag4ddilekf6.cloudfront.net/compressed/merchants/SGDD05206/hero/75r-24bits-100kb-0eb9db739ff454dd0fa415d038ed6106d0dda693ac1bf681aba56e9f8821e776-e16ff7859e4346939e935799f13631d2_1563425220016535722.jpeg,4.2,"[1.2926104, 103.8107595]",2,6,TANGLIN,https://www.tripadvisor.com.sg/ShowUserReviews-g294265-d10662705-r404702023-Jojo_Asian_Delights-Singapore.html
1446,Hua Shuang Mala,Hua Shuang Mala - Skyville @ Dawson,"['Asian', 'Chinese', 'Seafood', 'Steamboat']",1.2952487503221517,103.8103178,"{'open': True, 'displayedHours': '10:30-21:30', 'sun': '10:30-21:30', 'mon': '10:30-21:30', 'tue': '10:30-21:30', 'wed': '10:30-21:30', 'thu': '10:30-21:30', 'fri': '10:30-21:30', 'sat': '10:30-21:30'}",https://d1sag4ddilekf6.cloudfront.net/compressed/merchants/4-C2BBTA22TKN1TE/hero/e45cf51b32d64fc1abf0a092ed07b921_1602180318945963854.jpg,4.2,"[1.2952487503221517, 103.8103178]",2,6,TANGLIN,https://www.foodpanda.sg/restaurant/m3qy/hua-shuang-mala-hotpot-jurong-west
1465,Grill Werkz,Grill Werkz - Dawson,"['Western', 'Pasta', 'Seafood']",1.295243175,103.81031122,"{'open': True, 'displayedHours': '11:30-21:00', 'sun': '11:30-21:00', 'mon': '11:30-21:00', 'tue': '11:30-21:00', 'wed': '11:30-21:00', 'thu': '11:30-21:00', 'fri': '11:30-21:00', 'sat': '11:30-21:00'}",https://d1sag4ddilekf6.cloudfront.net/compressed/merchants/SGDD06534/hero/90c52f9ad627458397f456f125b6465c_1575947050161523252.jpeg,4.1,"[1.295243175, 103.81031122]",2,6,TANGLIN,https://www.burpple.com/grill-werkz
1608,Tung's Sarawak Kolo Mee,Tung's Sarawak Kolo Mee - Dawson Place,"['Asian', 'Chinese']",1.292626751859956,103.81073865839416,"{'open': True, 'displayedHours': '08:30-20:00', 'sun': '08:30-20:00', 'mon': '08:30-20:00', 'tue': '08:30-20:00', 'wed': '08:30-20:00', 'thu': '08:30-20:00', 'fri': '08:30-20:00', 'sat': '08:30-20:00'}",https://d1sag4ddilekf6.cloudfront.net/compressed/merchants/SGDD09380/hero/588a9396baac4a6c8362381304a31106_1561091051826646507.jpeg,3.9,"[1.292626751859956, 103.81073865839416]",2,6,TANGLIN,https://www.foodadvisor.com.sg/restaurant/tungs-kolo-mee-dawson/
1620,Rasa Sindo,Rasa Sindo - Skyville @ Dawson,"['Asian', 'Breakfast & Brunch', 'Indonesian', 'Halal']",1.2952570969524928,103.8103911,"{'open': True, 'displayedHours': '07:30-19:30', 'sun': '07:30-19:30', 'mon': '07:30-19:30', 'tue': '07:30-19:30', 'wed': '07:30-19:30', 'thu': '07:30-19:30', 'fri': '07:30-19:30', 'sat': '07:30-19:30'}",https://d1sag4ddilekf6.cloudfront.net/compressed/merchants/4-C2JWCXLYBCLVJ2/hero/b117991a4c4d4bcb8e960c8d2912fdcb_1611315155202469521.jpg,3.9,"[1.2952570969524928, 103.8103911]",2,6,TANGLIN,https://www.facebook.com/RasaSindo/
1650,Socks & Pan,Socks & Pan - Dawson Place,['Western'],1.2926338,103.8107144,"{'open': True, 'displayedHours': '11:00-20:15', 'sun': '11:00-20:15', 'mon': '11:00-20:15', 'tue': '11:00-20:15', 'wed': '11:00-20:15', 'thu': '11:00-20:15 21:15-22:15', 'fri': '11:00-20:15', 'sat': '11:00-20:15'}",https://d1sag4ddilekf6.cloudfront.net/compressed/merchants/4-CZDCLA6HR72CEN/hero/0ce3b2403fe14fc59335bb9b2d2f6763_1586262698215545874.jpeg,4.5,"[1.2926338, 103.8107144]",2,6,TANGLIN,https://pansocks.com/
1659,Kawan Kitchen,Kawan Kitchen - Queenstown MRT Station,"['Asian', 'Breakfast & Brunch', 'Chicken', 'Halal']",1.294455,103.806373,"{'open': True, 'displayedHours': '07:00-20:00', 'sun': '07:00-20:00', 'mon': '07:00-20:00', 'tue': '07:00-20:00', 'wed': '07:00-20:00', 'thu': '07:00-20:00', 'fri': '07:00-20:00', 'sat': '07:00-20:00'}",https://d1sag4ddilekf6.cloudfront.net/compressed/merchants/4-C2NZUE6DDGNUN2/hero/5cf6e13da7074c7c966581cce98435a5_1619689383289730988.jpg,3.8,"[1.294455, 103.806373]",2,6,TANGLIN,https://food.grab.com/sg/en/restaurant/kawan-kitchen-queenstown-mrt-station-delivery/4-C2NZUE6DDGNUN2
1737,Golden Chicken,Golden Chicken - Dawson Place,"['Local', 'Chicken', 'Noodles']",1.2926129,103.8107358,"{'open': True, 'displayedHours': '10:00-20:30', 'sun': '10:00-20:30', 'mon': '10:00-22:00', 'tue': '10:00-20:30', 'wed': '10:00-20:30', 'thu': '10:00-20:30', 'fri': '10:00-20:30', 'sat': '10:00-20:30'}",https://d1sag4ddilekf6.cloudfront.net/compressed/merchants/4-CYWTPGDKCE2ZCN/hero/c7109450664d4d09b6aaa92fa5f27dff_1567069872653765992.jpg,3.4,"[1.2926129, 103.8107358]",2,6,TANGLIN,https://food.grab.com/sg/en/restaurant/golden-chicken-choa-chu-kang-ave-4-delivery/4-CYWTPGDYJN3FEN
1773,Seeds Cafe,Seeds Cafe - Rainbow Centre (Margaret Drive School),"['Breakfast & Brunch', 'Coffee & Tea', 'Western']",1.2974295,103.8086243,"{'displayedHours': 'Closed', 'sun': '09:00-16:45', 'mon': '09:00-16:45', 'tue': '09:00-16:45', 'wed': '09:00-16:45', 'thu': '09:00-16:45', 'fri': '09:00-16:45', 'sat': 'Closed', 'tempClosed': True}",https://d1sag4ddilekf6.cloudfront.net/compressed/merchants/4-C2NDSA6WLAUUJN/hero/7f2175ac93db4d65a443499f72aadcf6_1618378393585610385.jpg,5.0,"[1.2974295, 103.8086243]",2,6,TANGLIN,https://www.instagram.com/seedscafesg/?hl=en
1875,Ban Mian Fish Soup,Ban Mian Fish Soup - Dawson Place,['Chinese'],1.292797,103.810529,"{'open': True, 'displayedHours': '08:30-19:30', 'sun': '08:30-19:30', 'mon': '08:30-19:30', 'tue': '08:30-19:30', 'wed': '08:30-19:30', 'thu': '08:30-19:30', 'fri': '08:30-19:30', 'sat': '08:30-19:30'}",https://d1sag4ddilekf6.cloudfront.net/compressed/merchants/4-C2T2LZMURTBYJA/hero/a182833c952248cdbbd77f41e62b63ab_1621855971859908164.jpg,0.0,"[1.292797, 103.810529]",2,6,TANGLIN,https://www.foodpanda.sg/restaurant/z1yx/ban-mian-fish-soup-tampines-central-1
1876,Hanguk Kitchen,Hanguk Kitchen - Dawson Place,"['Asian', 'Korean', 'Local']",1.292736,103.810962,"{'open': True, 'displayedHours': '11:00-21:00', 'sun': '11:00-21:00', 'mon': '11:00-21:00', 'tue': '11:00-21:00', 'wed': '11:00-21:00', 'thu': '11:00-21:00', 'fri': '11:00-21:00', 'sat': '11:00-21:00'}",https://d1sag4ddilekf6.cloudfront.net/compressed/merchants/4-C2MFLNCEMA5XLA/hero/fead39cb30f642f88cf5ec096752e9aa_1621421770936446785.jpeg,0.0,"[1.292736, 103.810962]",2,6,TANGLIN,https://www.hangukkitchen.com/
1902,OMMAS,OMMAS - Skyville @ Dawson,"['Japanese', 'Korean', 'Local', 'Ramen']",1.295228139053145,103.81067979694936,"{'open': True, 'displayedHours': '10:00-22:00', 'sun': '10:00-22:00', 'mon': '10:00-22:00', 'tue': '10:00-22:00', 'wed': '10:00-22:00', 'thu': '10:00-22:00', 'fri': '10:00-22:00', 'sat': '10:00-22:00'}",https://d1sag4ddilekf6.cloudfront.net/compressed/merchants/4-C2NCCKVFCBUTCN/hero/576f785137dc44f48e38d4df01f8fc30_1618231675425862938.jpeg,0.0,"[1.295228139053145, 103.81067979694936]",2,6,TANGLIN,https://www.facebook.com/ommas.sg/
1976,Qi Philosophy Cafe,Qi Philosophy Cafe - Skyterrace @ Dawson,"['Asian', 'Western', 'Eco-Friendly']",1.294894,103.8118417,"{'open': True, 'displayedHours': '11:00-20:00', 'sun': '11:00-20:00', 'mon': 'Closed', 'tue': '11:00-20:00', 'wed': '11:00-20:00', 'thu': '11:00-20:00', 'fri': '11:00-20:00', 'sat': '11:00-20:00'}",https://d1sag4ddilekf6.cloudfront.net/compressed/merchants/SGDD08810/hero/upload-photo-Hero_Photo_311afd7fce7d4f45add7ccfb923189df_1557397005610995491.jpeg,4.3,"[1.294894, 103.8118417]",2,7,TANGLIN,https://www.instagram.com/qiphilosophycafe/?hl=en
2590,The 1887 Bar (Spirits & Liquor),The 1887 Bar (Spirits & Liquor) - Southwest,"['Alcohol', 'Beverages', 'Islandwide Delivery', 'Wine', 'Mart']",1.3067174,103.80042375289104,"{'open': True, 'displayedHours': '00:00-01:45 11:15-23:59', 'sun': '00:00-01:45 11:15-23:59', 'mon': '00:00-01:45 11:15-23:59', 'tue': '00:00-01:45 11:15-23:59', 'wed': '00:00-01:45 11:15-23:59', 'thu': '00:00-01:45 11:15-23:59', 'fri': '00:00-01:45 11:15-23:59', 'sat': '00:00-01:45 11:15-23:59'}",https://d1sag4ddilekf6.cloudfront.net/compressed/merchants/4-CZDZNALHPF32GE/hero/b488b7d517534f57b8474e30c3f5da74_1612329706518045290.jpeg,4.9,"[1.3067174, 103.80042375289104]",2,6,TANGLIN,https://deliveroo.com.sg/menu/singapore/tanjong-katong-road/william-grant-and-sons-editions-sgkg?day=tomorrow&geohash=w21zkzcjg6wy&time=1145
2595,TigerNow,TigerNow - Southwest,"['Alcohol', 'Beer', 'Beverages', 'Mart']",1.30673789,103.80041872716448,"{'open': True, 'displayedHours': '00:00-01:45 11:15-23:59', 'sun': '00:00-01:45 11:15-23:59', 'mon': '00:00-01:45 11:15-23:59', 'tue': '00:00-01:45 11:15-23:59', 'wed': '00:00-01:45 11:15-23:59', 'thu': '00:00-01:45 11:15-23:59', 'fri': '00:00-01:45 11:15-23:59', 'sat': '00:00-01:45 11:15-23:59'}",https://d1sag4ddilekf6.cloudfront.net/compressed/merchants/4-C2AVNPAEAE2WCA/hero/f87eb804fd4d415aa1fcafa60981bdb5_1618208940095979698.jpeg,4.2,"[1.30673789, 103.80041872716448]",2,6,TANGLIN,https://www.foodpanda.sg/en/shop/w4bq/tigernow-bukit-batok-west
2596,Hong Kong Street Old Chun Kee,Hong Kong Street Old Chun Kee - Commonwealth Drive,"['Local', 'Chinese', 'Seafood']",1.3064775,103.80070534343056,"{'open': True, 'displayedHours': '12:00-22:00', 'sun': '12:00-22:00', 'mon': '12:00-22:00', 'tue': '12:00-22:00', 'wed': '12:00-22:00', 'thu': '12:00-22:00', 'fri': '12:00-22:00', 'sat': '12:00-22:00'}",https://d1sag4ddilekf6.cloudfront.net/compressed/merchants/4-CYLCC4BYA7KCEN/hero/eaf611d22d7d4f44a3c211dafe79ccd6_1565756859946343569.jpeg,4.1,"[1.3064775, 103.80070534343056]",2,6,TANGLIN,http://www.oldchunkee.com.sg/menu/
2604,141 Drinks,141 Drinks - Southwest,"['Alcohol', 'Wine', 'Beverages', 'Mart']",1.3067414,103.80049867907456,"{'open': True, 'displayedHours': '00:00-01:45 11:15-23:59', 'sun': '00:00-01:45 11:15-23:59', 'mon': '00:00-01:45 11:15-23:59', 'tue': '00:00-01:45 11:15-23:59', 'wed': '00:00-01:45 11:15-23:59', 'thu': '00:00-01:45 11:15-23:59', 'fri': '00:00-01:45 11:15-23:59', 'sat': '00:00-01:45 11:15-23:59'}",https://d1sag4ddilekf6.cloudfront.net/compressed/merchants/4-C2DHARCELN4CRN/hero/68543caf816e4aa68291eaaad32e3521_1607577172650496268.png,0.0,"[1.3067414, 103.80049867907456]",2,6,TANGLIN,https://www.burpple.com/list/536273/141-drinks
2678,Da Paolo Bistro Bar,Da Paolo Bistro Bar -Dempsey Road,"['Pizza', 'Pasta']",1.3039351741935483,103.8095349,"{'open': True, 'displayedHours': '08:00-22:30', 'sun': '08:00-14:00 17:00-21:30', 'mon': '08:00-14:00 17:00-21:30', 'tue': '08:00-14:00 17:00-21:30', 'wed': '08:00-14:00 17:00-21:30', 'thu': '08:00-14:00 17:00-21:30', 'fri': '08:00-22:30', 'sat': '08:00-22:30'}",https://d1sag4ddilekf6.cloudfront.net/compressed/merchants/SGDD01444/hero/7a8eb3a0c7ed46fba9866e3761e6aa43_1619158766682628451.jpeg,3.8,"[1.3039351741935483, 103.8095349]",2,6,TANGLIN,https://www.dapaolo.com.sg/
2681,Chopstix,Chopstix - Dempsey Road,"['Chinese', 'Noodles']",1.3041815456500463,103.8102287168122,"{'open': True, 'displayedHours': '11:30-21:00', 'sun': '11:30-21:00', 'mon': '11:30-21:00', 'tue': '11:30-21:00', 'wed': '11:30-21:00', 'thu': '11:30-21:00', 'fri': '11:30-21:00', 'sat': '11:30-21:00'}",https://d1sag4ddilekf6.cloudfront.net/compressed/merchants/4-CZD3TU6XHFUZGJ/hero/347f776de3d6417e94422cd041ea84ad_1588256864692131926.jpeg,3.5,"[1.3041815456500463, 103.8102287168122]",2,6,TANGLIN,https://chopstix.atlas.kitchen/
2686,PS.Cafe,PS Cafe - Harding Road,"['Local', 'Salad', 'Chicken']",1.3046573,103.81096863809542,"{'open': True, 'displayedHours': '08:00-21:00', 'sun': '08:00-21:00', 'mon': '08:00-21:00', 'tue': '08:00-21:00', 'wed': '08:00-21:00', 'thu': '08:00-21:00', 'fri': '08:00-22:00', 'sat': '08:00-21:00'}",https://d1sag4ddilekf6.cloudfront.net/compressed/merchants/SGDD08721/hero/caf5bc499e564eeeb461862226b6b96f_1594606266354338963.jpeg,4.3,"[1.3046573, 103.81096863809542]",2,6,TANGLIN,http://ps.cafe/
2689,Alcohol Delivery,Alcohol Delivery - Southwest,"['Beverages', 'Alcohol', 'Wine', 'Mart']",1.3065859671278446,103.80041016523164,"{'open': True, 'displayedHours': '00:00-01:45 11:15-23:59', 'sun': '00:00-01:45 11:15-23:59', 'mon': '00:00-01:45 11:15-23:59', 'tue': '00:00-01:45 11:15-23:59', 'wed': '00:00-01:45 11:15-23:59', 'thu': '00:00-01:45 11:15-23:59', 'fri': '00:00-01:45 11:15-23:59', 'sat': '00:00-01:45 11:15-23:59'}",https://d1sag4ddilekf6.cloudfront.net/compressed/merchants/4-CZDTA7JCV8MDGJ/hero/440a69b9d41142f598142eba1c08903f_1587131849617109560.jpeg,4.8,"[1.3065859671278446, 103.80041016523164]",2,6,TANGLIN,https://www.alcoholdelivery.com.sg/
2690,Delifrance,Delifrance - Gleneagles Hospital,"['Bakery & Cake', 'Halal', 'Beverages']",1.3074972,103.8201158,"{'open': True, 'displayedHours': '08:00-18:00', 'sun': '08:00-14:00', 'mon': '08:00-20:00', 'tue': '08:00-20:00', 'wed': '08:00-20:00', 'thu': '08:00-20:00', 'fri': '08:00-20:01', 'sat': '08:00-18:00'}",https://d1sag4ddilekf6.cloudfront.net/compressed/merchants/4-CZMAACNENPDJNJ/hero/43db8349c3fe42089d53b974b4390e16_1596006663248510760.jpeg,3.7,"[1.3074972, 103.8201158]",2,7,TANGLIN,https://www.delifrance.com.sg/
2691,Paul,Paul - Tanglin Mall,"['Western', 'Breakfast', 'Bakery', 'Cake', 'Vegan']",1.3048795,103.8236758,"{'open': True, 'displayedHours': '09:00-18:30', 'sun': '09:00-18:30', 'mon': '09:00-18:30', 'tue': '09:00-18:30', 'wed': '09:00-18:30', 'thu': '09:00-18:30', 'fri': '09:00-18:30', 'sat': '09:00-18:30'}",https://d1sag4ddilekf6.cloudfront.net/compressed/merchants/4-CY4KGZKUJPJTEJ/hero/730fddb0f9de42829596d29054f0c5ca_1588578056135231084.png,4.4,"[1.3048795, 103.8236758]",2,7,TANGLIN,https://www.paul-singapore.com/
2692,Ah Hoi's Kitchen,Ah Hoi's Kitchen - JEN Singapore Tanglin by Shangri-la,"['Asian', 'Western', 'Local']",1.3044023,103.8242118,"{'open': True, 'displayedHours': '10:00-21:00', 'sun': '10:00-21:00', 'mon': '10:00-21:00', 'tue': '10:00-21:00', 'wed': '10:00-21:00', 'thu': '10:00-21:00', 'fri': '10:00-21:00', 'sat': '10:00-21:00'}",https://d1sag4ddilekf6.cloudfront.net/compressed/merchants/4-CZEWNEEUJYB1LA/hero/385d435329d546cd8a3146d27f8f217c_1593404345661217629.png,3.0,"[1.3044023, 103.8242118]",2,7,TANGLIN,https://deliveroo.com.sg/menu/singapore/tanglin/ah-hois-kitchen
2693,Tiong Bahru Meng Kee Roast Duck,Tiong Bahru Meng Kee Roast Duck - Tanglin Mall,"['Asian', 'Chinese', 'Singaporean']",1.304831623740398,103.82409150982096,"{'open': True, 'displayedHours': '10:30-20:00', 'sun': '10:30-20:00', 'mon': '10:30-20:00', 'tue': '10:30-20:00', 'wed': '10:30-20:00', 'thu': '10:30-20:00', 'fri': '10:30-20:00', 'sat': '10:30-20:00'}",https://d1sag4ddilekf6.cloudfront.net/compressed/merchants/4-C2MVN7VUE3BCKE/hero/ce3f530b0d29429aaa4dd1b2f5945871_1618563454460093506.jpeg,4.9,"[1.304831623740398, 103.82409150982096]",2,7,TANGLIN,https://foursquare.com/v/tiong-bahru-meng-kee-roasted-duck/536b53ce498e958e62793992
2695,Kurara,Kurara - Tudor Court,"['Alcohol', 'Japanese', 'Mart', 'Islandwide Delivery']",1.3052874,103.82432651,"{'open': True, 'displayedHours': '12:00-20:00', 'sun': '12:00-20:00', 'mon': '12:00-20:00', 'tue': '12:00-20:00', 'wed': '12:00-20:00', 'thu': '12:00-20:00', 'fri': '12:00-20:00', 'sat': '12:00-20:00'}",https://d1sag4ddilekf6.cloudfront.net/compressed/merchants/4-CZEVNLKWRB41CE/hero/708b2597c2934f738eb757c22d5242a8_1589263394840566691.jpeg,0.0,"[1.3052874, 103.82432651]",2,7,TANGLIN,https://www.instagram.com/kurara_sg/?hl=en
2697,Letat Wines and Sake,Letat Wines and Sake - Southwest,"['Alcohol', 'Beverages', 'Mart', 'Islandwide Delivery']",1.3067317,103.8004082,"{'open': True, 'displayedHours': '00:00-01:45 11:15-23:59', 'sun': '00:00-01:45 11:15-23:59', 'mon': '00:00-01:45 11:15-23:59', 'tue': '00:00-01:45 11:15-23:59', 'wed': '00:00-01:45 11:15-23:59', 'thu': '00:00-01:45 11:15-23:59', 'fri': '00:00-01:45 11:15-23:59', 'sat': '00:00-01:45 11:15-23:59'}",https://d1sag4ddilekf6.cloudfront.net/compressed/merchants/4-CZCVR3CDFFAYKE/hero/64cbed2b4d4240fb8a6b73ca660956e3_1586782408510844537.jpeg,4.7,"[1.3067317, 103.8004082]",2,6,TANGLIN,https://whistler.com.sg/
2698,Fave Fine Food,Fave Fine Food - 306 Tanglin Road [Islandwide Delivery],"['Cold Cuts', 'Grocery', 'Alcohol', 'Cheese', 'Islandwide Delivery']",1.2986078,103.8156712,"{'displayedHours': 'Closed', 'sun': 'Closed', 'mon': '11:00-17:00', 'tue': '10:00-22:00', 'wed': 'Closed', 'thu': 'Closed', 'fri': '11:00-17:00', 'sat': '12:00-17:00', 'tempClosed': True}",https://d1sag4ddilekf6.cloudfront.net/compressed/merchants/4-CZDBLF5WE25FUE/hero/1f3d0e324bab4e31a6477b91d588e283_1589255926943160112.jpeg,4.6,"[1.2986078, 103.8156712]",2,7,TANGLIN,https://www.favefinefood.com/
2701,Convenience Mix & Match,Groceries & Essentials Store - Southwest,"['Household Essentials', 'Alcohol', 'Islandwide Delivery', 'Groceries', 'Mart']",1.3067376,103.80041707415434,"{'open': True, 'displayedHours': '00:00-01:45 11:15-23:59', 'sun': '00:00-01:45 11:15-23:59', 'mon': '00:00-01:45 11:15-23:59', 'tue': '00:00-01:45 11:15-23:59', 'wed': '00:00-01:45 11:15-23:59', 'thu': '00:00-01:45 11:15-23:59', 'fri': '00:00-01:45 11:15-23:59', 'sat': '00:00-01:45 11:15-23:59'}",https://d1sag4ddilekf6.cloudfront.net/compressed/merchants/4-CZKTRKMZWGDZJN/hero/9bafbf0837894b87a12e2547077310d8_1603708525032601769.jpeg,5.0,"[1.3067376, 103.80041707415434]",2,6,TANGLIN,https://www.celcom.com.my/about-celcom/media-centre/2022/mix-and-match-your-perfect-prepaid-plan-for-any-digital-lifestyle-with-celcom-xpax
2703,滿天香拉面小笼包 Man Tian Xiang Ramen Xiao Long Bao,滿天香拉面小笼包 Man Tian Xiang Ramen Xiao Long Bao - Commonwealth Crescent [#02-096],"['Chinese', 'Noodles', 'Dumplings', 'Dim Sum']",1.3069693,103.8004225,"{'displayedHours': 'Closed', 'sun': '09:45-19:30', 'mon': 'Closed', 'tue': '09:45-19:30', 'wed': '09:45-19:30', 'thu': '09:45-16:30', 'fri': '09:45-19:30', 'sat': '09:45-19:30', 'tempClosed': True}",https://d1sag4ddilekf6.cloudfront.net/compressed/merchants/4-CZKELJL2WB4ZEX/hero/849fd3146cca4bcd8a8fba37fd7f1956_1601092351568322235.jpeg,4.3,"[1.3069693, 103.8004225]",2,6,TANGLIN,https://food.grab.com/sg/en/restaurant/%E6%BB%BF%E5%A4%A9%E9%A6%99%E6%8B%89%E9%9D%A2%E5%B0%8F%E7%AC%BC%E5%8C%85-man-tian-xiang-ramen-xiao-long-bao-commonwealth-crescent-02-096-delivery/4-CZKELJL2WB4ZEX
2704,Magi Planet Popcorn (SG),Magi Planet Popcorn (SG) - Southwest,"['Mart', 'Dessert', 'Snacks']",1.3067514,103.80041725693115,"{'open': True, 'displayedHours': '00:00-01:45 11:15-23:59', 'sun': '00:00-01:45 11:15-23:59', 'mon': '00:00-01:45 11:15-23:59', 'tue': '00:00-01:45 11:15-23:59', 'wed': '00:00-01:45 11:15-23:59', 'thu': '00:00-01:45 11:15-23:59', 'fri': '00:00-01:45 11:15-23:59', 'sat': '00:00-01:45 11:15-23:59'}",https://d1sag4ddilekf6.cloudfront.net/compressed/merchants/4-CZJETCBXNE5ZV2/hero/20c7a447907c4284be46183e9ac0553e_1590995519356014670.jpeg,4.8,"[1.3067514, 103.80041725693115]",2,6,TANGLIN,https://www.sgplanetpop.com/
2706,Hao Hao Noodle House,Hao Hao Noodle House - Commonwealth Crescent Market [#02-83],"['Local', 'Noodles', 'Asian']",1.30696964,103.8002643,"{'displayedHours': 'Closed', 'sun': '07:00-14:00', 'mon': '07:00-14:00', 'tue': '07:00-14:00', 'wed': '07:00-14:00', 'thu': '07:00-14:00', 'fri': '07:00-14:00', 'sat': '07:00-14:00'}",https://d1sag4ddilekf6.cloudfront.net/compressed/merchants/4-CZJHGGKWTXADAX/hero/8c3ea2fdbd27482c90eb5a24e37ebc00_1592361396371144043.jpeg,4.4,"[1.30696964, 103.8002643]",2,6,TANGLIN,https://hao-hao-noodle-house.whyq.sg/
2709,GTCL Superfoods,GTCL Superfoods - Southwest,"['Mart', 'Snacks', 'Wellness']",1.3067834414652555,103.8004165,"{'open': True, 'displayedHours': '00:00-01:45 11:15-23:59', 'sun': '00:00-01:45 11:15-23:59', 'mon': '00:00-01:45 11:15-23:59', 'tue': '00:00-01:45 11:15-23:59', 'wed': '00:00-01:45 11:15-23:59', 'thu': '00:00-01:45 11:15-23:59', 'fri': '00:00-01:45 11:15-23:59', 'sat': '00:00-01:45 11:15-23:59'}",https://d1sag4ddilekf6.cloudfront.net/compressed/merchants/4-CZJYDEJYUCMCAT/hero/baaa87106a024f0d8c465cecfb9ed68c_1594044633070120772.jpeg,5.0,"[1.3067834414652555, 103.8004165]",2,6,TANGLIN,https://www.gtclife.com/
2711,Commonwealth Crescent Market & Food Centre,Commonwealth Crescent Market & Food Centre,['Local'],1.3069930857142855,103.8003908,"{'open': True, 'displayedHours': '00:00-03:00 06:00-23:59', 'sun': '00:00-03:00 06:00-23:59', 'mon': '00:00-03:00 06:00-23:59', 'tue': '00:00-03:00 06:00-23:59', 'wed': '00:00-03:00 06:00-23:59', 'thu': '00:00-03:00 06:00-23:59', 'fri': '00:00-03:00 06:00-23:59', 'sat': '00:00-03:00 06:00-23:59'}",https://d1sag4ddilekf6.cloudfront.net/compressed/merchants/4-C2DXA2UKLXE2CN/hero/7c3cfe26fcff48c9ba9685f4867a630d_1609315923312645971.jpg,4.3,"[1.3069930857142855, 103.8003908]",2,6,TANGLIN,https://www.streetdirectory.com/sg/commonwealth-crescent-market-food-centre/31-commonwealth-crescent-149644/105635_152348.html
2712,Fusion Bistro,Fusion Bistro - Tourism Court,"['Western', 'Beverages', 'Local']",1.3035212,103.82388733117614,"{'displayedHours': 'Closed', 'sun': 'Closed', 'mon': '08:00-15:00', 'tue': '08:00-15:00', 'wed': '08:00-15:00', 'thu': '08:00-15:00', 'fri': '08:00-15:00', 'sat': 'Closed'}",https://d1sag4ddilekf6.cloudfront.net/compressed/merchants/SGDD12035/hero/upload-photo-Hero_Photo_bf05bbf496bf44559a29eb3ee43ba7d3_1554111416300742088.jpeg,4.2,"[1.3035212, 103.82388733117614]",2,7,TANGLIN,https://www.fusionbistro.com.sg/
2771,The Dempsey Project,The Dempsey Project - Dempsey Road,"['Local', 'Beverages', 'Breakfast & Brunch', 'Western', 'International']",1.3037899981593566,103.80997785515194,"{'open': True, 'displayedHours': '09:30-19:30', 'sun': '09:30-19:30', 'mon': '09:30-19:30', 'tue': '09:30-19:30', 'wed': '09:30-19:30', 'thu': '09:30-19:30', 'fri': '09:30-19:30', 'sat': '09:30-19:30'}",https://d1sag4ddilekf6.cloudfront.net/compressed/merchants/4-CZDWTKCVCCNJPA/hero/feb24c5d48534dc2b9b63d0f9bc1e620_1613256555931496625.jpeg,3.0,"[1.3037899981593566, 103.80997785515194]",2,6,TANGLIN,https://thedempseyproject.com/
2776,Spruce,Spruce - Phoenix Park,"['Breakfast & Brunch', 'Burger', 'Coffee & Tea']",1.29842,103.8166316,"{'open': True, 'displayedHours': '11:30-19:30', 'sun': '11:30-19:30', 'mon': '11:30-19:30', 'tue': '11:30-19:30', 'wed': '11:30-19:30', 'thu': '11:30-19:30', 'fri': '11:30-19:30', 'sat': '11:30-19:30'}",https://d1sag4ddilekf6.cloudfront.net/compressed/merchants/4-C2DDTXCJAVKGL6/hero/5ea3bd0aa99f456eb99bc66101f78c3e_1606385048158628688.jpg,5.0,"[1.29842, 103.8166316]",2,7,TANGLIN,https://www.spruce.com.sg/
2782,The Wine Company,The Wine Company - 8 Dempsey Road,"['Western', 'Beverages', 'Burger', 'Chinese', 'French']",1.304244703698387,103.8096562028898,"{'open': True, 'displayedHours': '12:00-22:15', 'sun': '12:00-22:15', 'mon': '12:00-22:15', 'tue': '12:00-22:15', 'wed': '12:00-22:15', 'thu': '12:00-22:15', 'fri': '12:00-22:15', 'sat': '12:00-22:15'}",https://d1sag4ddilekf6.cloudfront.net/compressed/merchants/SGDD01223/hero/347b6fe580a5538406a8cfdf5e87a394,4.2,"[1.304244703698387, 103.8096562028898]",2,6,TANGLIN,https://www.thewinecompanyonline.com.sg/
2786,Hathaway,Hathaway - Dempsey Road,"['Asian', 'Breakfast & Brunch', 'Western', 'Same Prices In-Store']",1.30477,103.81023,"{'open': True, 'displayedHours': '09:00-20:30', 'sun': 'Closed', 'mon': '09:00-20:30', 'tue': '09:00-20:30', 'wed': '09:00-20:30', 'thu': '09:00-20:30', 'fri': '09:00-20:30', 'sat': '09:00-20:30'}",https://d1sag4ddilekf6.cloudfront.net/compressed/merchants/4-C2TXVEM1N4AHCE/hero/164523e115004a6895db72db8f323333_1622396272493848351.jpeg,0.0,"[1.30477, 103.81023]",2,6,TANGLIN,https://www.hathaway.com.sg/
2789,atout Wine Shop,atout Wine Shop - Harding Road,"['Alcohol', 'French', 'Mart']",1.30564043782488,103.813614535582,"{'open': True, 'displayedHours': '12:00-19:30', 'sun': '12:00-19:30', 'mon': '12:00-19:30', 'tue': '12:00-19:30', 'wed': '12:00-19:30', 'thu': '12:00-19:30', 'fri': '12:00-19:30', 'sat': '12:00-19:30'}",https://d1sag4ddilekf6.cloudfront.net/compressed/merchants/4-C2MZVTVVCT5VJJ/hero/80f3c543a482418185b98e614de3b85a_1618302810335687364.jpeg,5.0,"[1.30564043782488, 103.813614535582]",2,7,TANGLIN,https://atout.sg/set-lunch/wines-list/
2792,Fusion Spoon,Fusion Spoon - Singapore Botanic Gardens,"['Western', 'Asian', 'Pizza', 'Salad', 'Local']",1.3078885333333334,103.81831951714469,"{'open': True, 'displayedHours': '10:00-19:30', 'sun': '10:00-19:30', 'mon': '09:30-19:30', 'tue': '09:30-19:30', 'wed': '09:30-19:30', 'thu': '09:30-19:30', 'fri': '09:30-19:30', 'sat': '10:00-19:30'}",https://d1sag4ddilekf6.cloudfront.net/compressed/merchants/SGDD01533/hero/d1e61527524e4188a1e386802c24e08e_1597026515660764407.jpeg,3.7,"[1.3078885333333334, 103.81831951714469]",2,7,TANGLIN,https://www.fusionspoon.com/
2813,Twelve Cupcakes,Twelve Cupcakes - Tanglin Mall,"['Cake', 'Mart', 'Dessert', 'Bakery', 'Snacks']",1.3048645331884643,103.823587506676,"{'open': True, 'displayedHours': '09:00-21:00', 'sun': '09:00-21:00', 'mon': '09:00-21:00', 'tue': '09:00-21:00', 'wed': '09:00-21:00', 'thu': '09:00-21:00', 'fri': '09:00-21:00', 'sat': '09:00-21:00'}",https://d1sag4ddilekf6.cloudfront.net/compressed/merchants/4-CY2UV8DAJJT1RT/hero/456994c5f4964481b939ed94c7444cfb_1571206463421179399.jpeg,4.2,"[1.3048645331884643, 103.823587506676]",2,7,TANGLIN,https://twelvecupcakes.com/
2815,Brunetti,Brunetti - Tanglin Mall,"['Bakery', 'Coffee', 'Dessert', 'Sandwiches', 'Cake']",1.3048456,103.823924,"{'open': True, 'displayedHours': '09:00-20:00', 'sun': '09:00-20:00', 'mon': '09:00-20:00', 'tue': '09:00-20:00', 'wed': '09:00-20:00', 'thu': '09:00-20:00', 'fri': '09:00-20:00', 'sat': '09:00-20:00'}",https://d1sag4ddilekf6.cloudfront.net/compressed/merchants/4-CZDXRRJHL3NTJJ/hero/1d4d9b3690aa4408a425cbe543680137_1587636182663532296.jpeg,4.2,"[1.3048456, 103.823924]",2,7,TANGLIN,https://www.instagram.com/brunettisg/?hl=en
2825,GNC,GNC - Tanglin Mall,"['Mart', 'Health & Wellness', 'Wellness', 'Healthy']",1.3048522039883632,103.8240653,"{'open': True, 'displayedHours': '11:00-20:30', 'sun': '11:00-20:30', 'mon': '11:00-20:30', 'tue': '11:00-20:30', 'wed': '11:00-20:30', 'thu': '11:00-20:30', 'fri': '11:00-20:30', 'sat': '11:00-20:30'}",https://d1sag4ddilekf6.cloudfront.net/compressed/merchants/4-CYWKN8MFNKBFL6/hero/a07f77c8fc0147fc96ec051fa227ae55_1573641437709854456.jpeg,0.0,"[1.3048522039883632, 103.8240653]",2,7,TANGLIN,https://www.gnc.com/
2833,Milah Hokkaido Curry Puff,Milah Hokkaido Curry Puff - Commonwealth Crescent Market [#02-64],"['Dessert', 'Snack', 'Local', 'Same Prices In-Store']",1.3068042,103.8002438,"{'displayedHours': 'Closed', 'sun': '09:00-17:00', 'mon': '08:30-16:00', 'tue': '08:30-16:00', 'wed': '08:30-16:00', 'thu': '08:30-16:00', 'fri': 'Closed', 'sat': '09:00-17:00', 'tempClosed': True}",https://d1sag4ddilekf6.cloudfront.net/compressed/merchants/4-CYM3G8DVLFVBWE/hero/3ddaec8ad1454c828d20d8faf64a5414_1562745823767088893.jpeg,4.0,"[1.3068042, 103.8002438]",2,6,TANGLIN,https://www.facebook.com/people/Milah-Hokkaido-Curry-Puff/100063499539737/
2836,31 Dim Sum,31 Dim Sum - Commonwealth Crescent,"['Breakfast & Brunch', 'Dessert', 'Dim Sum', 'Vegetarian Friendly', 'Snack']",1.3070277,103.8003535,"{'displayedHours': 'Closed', 'sun': '00:00-03:00 06:00-23:59', 'mon': '00:00-03:00 06:00-23:59', 'tue': '00:00-03:00 06:00-23:59', 'wed': '00:00-03:00 06:00-23:59', 'thu': '00:00-03:00 06:00-23:59', 'fri': '00:00-03:00 06:00-23:59', 'sat': '00:00-03:00 06:00-23:59', 'tempClosed': True}",https://d1sag4ddilekf6.cloudfront.net/compressed/merchants/4-C2CJWACBGKKFG6/hero/7b383fed51fc47159f5220a7aa77d702_1604898041431627667.jpg,2.4,"[1.3070277, 103.8003535]",2,6,TANGLIN,https://www.facebook.com/laikeepau/
2842,Killiney Kopitiam,Killiney Kopitiam - Camden Medical Centre,"['Chinese', 'Noodles']",1.30319456,103.82386676785244,"{'displayedHours': 'Closed', 'sun': 'Closed', 'mon': '07:30-16:30', 'tue': '07:30-16:30', 'wed': '07:30-14:30', 'thu': '07:30-16:30', 'fri': '07:30-16:30', 'sat': '08:00-13:00'}",https://d1sag4ddilekf6.cloudfront.net/compressed/merchants/4-CZBVHEV1ABBFSE/hero/af624363f3a74f6ba39bbf4a1df39179_1583292042509235041.jpeg,4.4,"[1.30319456, 103.82386676785244]",2,7,TANGLIN,https://killiney-kopitiam.com/
2847,SaladStop!,SaladStop! - Tanglin,"['Vegetarian', 'Vegan', 'Salad', 'Healthy', 'Eco-Friendly']",1.304853,103.82405564680764,"{'open': True, 'displayedHours': '10:00-20:00', 'sun': '10:00-20:00', 'mon': '10:00-20:00', 'tue': '10:00-20:00', 'wed': '10:00-20:00', 'thu': '10:00-20:00', 'fri': '10:00-20:00', 'sat': '10:00-20:00'}",https://d1sag4ddilekf6.cloudfront.net/compressed/merchants/SGDD05466/hero/a07423348bd24ba881aed48cd623fec7_1622628469879378507.jpeg,4.4,"[1.304853, 103.82405564680764]",2,7,TANGLIN,https://www.saladstop.com.sg/
2870,Beverly Hills Cheesecake,Beverly Hills Cheesecake - Southwest,"['Snacks', 'Mart', 'Local']",1.3065956601548834,103.80035006654772,"{'open': True, 'displayedHours': '00:00-01:45 11:15-23:59', 'sun': '00:00-01:45 11:15-23:59', 'mon': '00:00-01:45 11:15-23:59', 'tue': '00:00-01:45 11:15-23:59', 'wed': '00:00-01:45 11:15-23:59', 'thu': '00:00-01:45 11:15-23:59', 'fri': '00:00-01:45 11:15-23:59', 'sat': '00:00-01:45 11:15-23:59'}",https://d1sag4ddilekf6.cloudfront.net/compressed/merchants/4-CZB1GLNEBFAFV2/hero/e6056058cc8541ed8e2aaa97f64a7dba_1600331834282765627.jpeg,4.1,"[1.3065956601548834, 103.80035006654772]",2,6,TANGLIN,https://www.instagram.com/beverly.hills.cheesecake/?hl=en
2871,Drinkies,Drinkies - Southwest,"['Alcohol', 'Beverages', 'Beer', 'Mart', 'Islandwide Delivery']",1.3067197,103.8004206,"{'open': True, 'displayedHours': '00:00-01:45 11:15-23:59', 'sun': '00:00-01:45 11:15-23:59', 'mon': '00:00-01:45 11:15-23:59', 'tue': '00:00-01:45 11:15-23:59', 'wed': '00:00-01:45 11:15-23:59', 'thu': '00:00-01:45 11:15-23:59', 'fri': '00:00-01:45 11:15-23:59', 'sat': '00:00-01:45 11:15-23:59'}",https://d1sag4ddilekf6.cloudfront.net/compressed/merchants/4-CYXWTVEZLEKHKE/hero/747f2385efdd44748973b32b80bb86cd_1622703192679719930.jpeg,4.8,"[1.3067197, 103.8004206]",2,6,TANGLIN,https://www.drinkies.my/
2872,Spike Empire Durian,Spike Empire Durian (Pastries) - Southwest,"['Durian', 'Islandwide Delivery', 'Mart', 'Snacks', 'Dessert']",1.306640352784992,103.80020728282904,"{'open': True, 'displayedHours': '00:00-01:45 11:15-23:59', 'sun': '00:00-01:45 11:15-23:59', 'mon': '00:00-01:45 11:15-23:59', 'tue': '00:00-01:45 11:15-23:59', 'wed': '00:00-01:45 11:15-23:59', 'thu': '00:00-01:45 11:15-23:59', 'fri': '00:00-01:45 11:15-23:59', 'sat': '00:00-01:45 11:15-23:59'}",https://d1sag4ddilekf6.cloudfront.net/compressed/merchants/4-CZBVG6C3C6EJE2/hero/963236f4ba9c4277907e14e03b82ffc5_1606219340920300147.jpeg,4.8,"[1.306640352784992, 103.80020728282904]",2,6,TANGLIN,https://duriandelivery.com.sg/spike-empire-durian/
2874,IRVINS Salted Egg,IRVINS Salted Egg - Southwest,"['Mart', 'Local', 'Snacks', 'Islandwide Delivery']",1.306721,103.80041738171786,"{'open': True, 'displayedHours': '00:00-01:45 11:15-23:59', 'sun': '00:00-01:45 11:15-23:59', 'mon': '00:00-01:45 11:15-23:59', 'tue': '00:00-01:45 11:15-23:59', 'wed': '00:00-01:45 11:15-23:59', 'thu': '00:00-01:45 11:15-23:59', 'fri': '00:00-01:45 11:15-23:59', 'sat': '00:00-01:45 11:15-23:59'}",https://d1sag4ddilekf6.cloudfront.net/compressed/merchants/4-CYU2CEKGR2MBAN/hero/744073240d3b47cfb8315aa3b4c3aed5_1564554950776509776.jpeg,4.7,"[1.306721, 103.80041738171786]",2,6,TANGLIN,https://eatirvins.sg/
2875,Desserts Mix & Match,Desserts Mix & Match - Southwest,"['Mart', 'Cake', 'Snack', 'Dessert', 'Ice Cream']",1.306734439266982,103.8004158,"{'open': True, 'displayedHours': '00:00-01:45 11:15-23:59', 'sun': '00:00-01:45 11:15-23:59', 'mon': '00:00-01:45 11:15-23:59', 'tue': '00:00-01:45 11:15-23:59', 'wed': '00:00-01:45 11:15-23:59', 'thu': '00:00-01:45 11:15-23:59', 'fri': '00:00-01:45 11:15-23:59', 'sat': '00:00-01:45 11:15-23:59'}",https://d1sag4ddilekf6.cloudfront.net/compressed/merchants/4-CZMGFA4CG3TZKE/hero/30ae0bd75eb044a9a73d392e78a65672_1603708042409433215.jpeg,4.5,"[1.306734439266982, 103.8004158]",2,6,TANGLIN,https://www.store.gratefood.co/product-page/supprrrfood-desserts-3-in-1-mix-and-match
2877,W&S Liquor Store,W&S Liquor Store - Southwest,"['Beverages', 'Alcohol', 'Wine', 'Islandwide Delivery', 'Mart']",1.3067283,103.80042082302124,"{'open': True, 'displayedHours': '00:00-01:45 11:15-23:59', 'sun': '00:00-01:45 11:15-23:59', 'mon': '00:00-01:45 11:15-23:59', 'tue': '00:00-01:45 11:15-23:59', 'wed': '00:00-01:45 11:15-23:59', 'thu': '00:00-01:45 11:15-23:59', 'fri': '00:00-01:45 11:15-23:59', 'sat': '00:00-01:45 11:15-23:59'}",https://d1sag4ddilekf6.cloudfront.net/compressed/merchants/4-CZDFHB2ZMFBKN6/hero/0eb3bca004cf4b19ba14710538c4bddb_1612330117674768842.jpeg,4.7,"[1.3067283, 103.80042082302124]",2,6,TANGLIN,https://exclusivews.shop/
2886,Pacific Beverages,Pacific Beverages (Beer) - Southwest,"['Alcohol', 'Wine', 'Beverages', 'Mart']",1.3067091,103.8004562,"{'open': True, 'displayedHours': '00:00-01:45 11:15-23:59', 'sun': '00:00-01:45 11:15-23:59', 'mon': '00:00-01:45 11:15-23:59', 'tue': '00:00-01:45 11:15-23:59', 'wed': '00:00-01:45 11:15-23:59', 'thu': '00:00-01:45 11:15-23:59', 'fri': '00:00-01:45 11:15-23:59', 'sat': '00:00-01:45 11:15-23:59'}",https://d1sag4ddilekf6.cloudfront.net/compressed/merchants/4-C2DBV352GBCHUA/hero/ee717dfb09c74c84a4a2ed8533b5c0ac_1611653007719872919.jpg,4.8,"[1.3067091, 103.8004562]",2,6,TANGLIN,https://pacbev.sg/
2891,Grab A Drink,Grab A Drink - Southwest,"['Alcohol', 'Wine', 'Beverages', 'Mart']",1.3067318,103.80043404149352,"{'open': True, 'displayedHours': '00:00-01:45 11:15-23:59', 'sun': '00:00-01:45 11:15-23:59', 'mon': '00:00-01:45 11:15-23:59', 'tue': '00:00-01:45 11:15-23:59', 'wed': '00:00-01:45 11:15-23:59', 'thu': '00:00-01:45 11:15-23:59', 'fri': '00:00-01:45 11:15-23:59', 'sat': '00:00-01:45 11:15-23:59'}",https://d1sag4ddilekf6.cloudfront.net/compressed/merchants/4-C2J2HEDDDA5HJA/hero/b3a26021d8454fe1abbfc32ad820285b_1612431335095844514.jpeg,4.5,"[1.3067318, 103.80043404149352]",2,6,TANGLIN,https://www.gymglish.com/en/gymglish/english-translation/grab-a-drink
2895,Cheng Hua S Smart,Cheng Hua S Mart - Commonwealth Crescent,"['Mart', 'Groceries', 'Convenience']",1.3066782,103.8005237,"{'open': True, 'displayedHours': '09:00-21:00', 'sun': '09:00-21:00', 'mon': '09:00-21:00', 'tue': '09:00-21:00', 'wed': '09:00-21:00', 'thu': '09:00-21:00', 'fri': '09:00-21:00', 'sat': '09:00-21:00'}",https://d1sag4ddilekf6.cloudfront.net/compressed/merchants/4-C2EUKF2CG8MAKA/hero/42beae29a1544ef6baf3089e09e00d08_1611540008685149242.jpg,5.0,"[1.3066782, 103.8005237]",2,6,TANGLIN,https://www.sgpbusiness.com/company/Cheng-Hua-S-Mart
2900,Coldpress Juice (Asip),Coldpress Juice (Asip) - Commonwealth Crescent Market [#02-85],"['Beverages', 'Juice', 'Dessert']",1.30696963,103.80037,"{'open': True, 'displayedHours': '10:00-20:00', 'sun': '10:00-20:00', 'mon': '10:00-20:00', 'tue': '10:00-20:00', 'wed': '10:00-20:00', 'thu': '10:00-20:00', 'fri': '10:00-20:00', 'sat': '10:00-20:00'}",https://d1sag4ddilekf6.cloudfront.net/compressed/merchants/4-CYLTMADARRKGA6/hero/32e876aad2ac48ca8f566947e19bf092_1561344798933640500.jpeg,4.8,"[1.30696963, 103.80037]",2,6,TANGLIN,https://www.shopback.sg/go/asip-cold-press-juice-commonwealth
2959,Subway,Subway - Dawson Place,"['Healthy', 'Sandwiches', 'Fast Food', 'Halal', 'Western']",1.292706403684902,103.8106726,"{'open': True, 'displayedHours': '11:00-20:00', 'sun': '11:00-19:00', 'mon': '11:00-20:00', 'tue': '11:00-19:00', 'wed': '11:00-20:00', 'thu': '11:00-20:00', 'fri': '11:00-20:00', 'sat': '11:00-20:00'}",https://d1sag4ddilekf6.cloudfront.net/compressed/merchants/4-CYTKGXVWNPATDA/hero/085291b315864d5eaca5760ddd26c640_1576205937727454265.png,4.3,"[1.292706403684902, 103.8106726]",2,6,TANGLIN,https://www.subway.com/en-SG
2961,Moss,Moss - Phoenix Park,"['Local', 'Mart']",1.297803983,103.81471,"{'open': True, 'displayedHours': '00:00-23:59', 'sun': '00:00-23:59', 'mon': '00:00-23:59', 'tue': '00:00-23:59', 'wed': '00:00-23:59', 'thu': '00:00-23:59', 'fri': '00:00-23:59', 'sat': '00:00-23:59'}",https://d1sag4ddilekf6.cloudfront.net/compressed/merchants/4-C2KEFE61L2MDJX/hero/3b6e7570c4744f14b10fdabc4342e675_1613120426826316252.jpeg,0.0,"[1.297803983, 103.81471]",2,7,TANGLIN,https://www.mossgoods.com/
2963,La Salsa Kitchen & Bar,La Salsa Kitchen & Bar - 11 Dempsey Road,"['Mexican', 'Western']",1.3041383,103.8099537,"{'open': True, 'displayedHours': '12:00-22:00', 'sun': '12:00-22:00', 'mon': '12:00-22:00', 'tue': '12:00-22:00', 'wed': '12:00-22:00', 'thu': '12:00-22:00', 'fri': '12:00-22:00', 'sat': '12:00-22:00'}",https://d1sag4ddilekf6.cloudfront.net/compressed/merchants/SGDD07603/hero/b9f301ef1f914938962e325099218411_1583212687677052423.jpg,2.7,"[1.3041383, 103.8099537]",2,6,TANGLIN,https://www.instagram.com/lasalsasingapore/?hl=en
2967,Long Beach Dempsey,Long Beach Dempsey -  Dempsey Road,"['Local', 'Chinese', 'Seafood']",1.30617042,103.8119857,"{'open': True, 'displayedHours': '11:00-20:30', 'sun': '11:00-20:30', 'mon': '11:00-20:30', 'tue': '11:00-20:30', 'wed': '11:00-20:30', 'thu': '11:00-20:30', 'fri': '11:00-20:30', 'sat': '11:00-20:30'}",https://d1sag4ddilekf6.cloudfront.net/compressed/merchants/4-CZDUCBAVSE3BSA/hero/9abedfb3905e451a8d92f74e23952900_1587110416515014012.jpg,4.5,"[1.30617042, 103.8119857]",2,7,TANGLIN,https://www.instagram.com/longbeachseafood/
2972,Harry's,Harry's - Dempsey Hill,"['Western', 'Alcohol', 'Pasta', 'Burger']",1.3040751032543405,103.80998747,"{'open': True, 'displayedHours': '11:00-21:30', 'sun': '11:00-21:30', 'mon': '11:00-21:30', 'tue': '11:00-21:30', 'wed': '11:00-21:30', 'thu': '11:00-21:30', 'fri': '11:00-21:30', 'sat': '11:00-21:30'}",https://d1sag4ddilekf6.cloudfront.net/compressed/merchants/SGDD06422/hero/bb1b9c9e907d462db4fc7e6eae782d57_1603163737174048184.jpeg,4.2,"[1.3040751032543405, 103.80998747]",2,6,TANGLIN,https://www.harrys.com.sg/
2976,Sprmrkt,SPRMRKT - Dempsey Road,"['Breakfast & Brunch', 'Same Prices In-Store']",1.3044715999999998,103.80949808365703,"{'open': True, 'displayedHours': '09:00-21:00', 'sun': '09:00-21:00', 'mon': '09:00-21:00', 'tue': '09:00-21:00', 'wed': '09:00-21:00', 'thu': '09:00-21:00', 'fri': '09:00-21:00', 'sat': '09:00-21:00'}",https://d1sag4ddilekf6.cloudfront.net/compressed/merchants/4-CZECG6LKEKE3FA/hero/6ac328567af442928d6c993d2cb9dcb1_1594689891159479892.jpeg,4.4,"[1.3044715999999998, 103.80949808365703]",2,6,TANGLIN,https://sprmrkt.com.sg/
2981,House of AnLi Bistro,House of AnLi Bistro - Tanglin Mall,"['Breakfast & Brunch', 'Burger', 'French', 'Vegan']",1.304877,103.82378643333334,"{'open': True, 'displayedHours': '09:00-23:00', 'sun': '09:00-23:00', 'mon': '09:00-22:00', 'tue': '09:00-22:00', 'wed': '09:00-22:00', 'thu': '09:00-22:00', 'fri': '09:00-23:00', 'sat': '09:00-23:00'}",https://d1sag4ddilekf6.cloudfront.net/compressed/merchants/4-CZDYLB4AKAADVT/hero/22dcfd23367748e5b7ea9671c9ed0ea5_1622274728504417413.jpeg,0.0,"[1.304877, 103.82378643333334]",2,7,TANGLIN,https://houseofanli.com/pages/la-veranda
2985,Cheers @ Esso,Cheers @ Esso - Queensway A,['Mart'],1.307194,103.802388,"{'open': True, 'displayedHours': '00:00-23:59', 'sun': '00:00-23:59', 'mon': '00:00-23:59', 'tue': '00:00-23:59', 'wed': '00:00-23:59', 'thu': '00:00-23:59', 'fri': '00:00-23:59', 'sat': '00:00-23:59'}",https://d1sag4ddilekf6.cloudfront.net/compressed/merchants/4-C2LCGNTTUFVVRE/hero/451e350a657d4a9ea9625970c4a92ad5_1621875391069689129.jpg,3.8,"[1.307194, 103.802388]",2,6,TANGLIN,https://cheers.com.sg/store-categories/cheers-esso-mobile/
2987,Boost Juice Bars,Boost Juice Bars - Tanglin Mall,"['Beverages', 'Healthy']",1.304883,103.82402465633776,"{'open': True, 'displayedHours': '09:30-21:00', 'sun': '09:30-21:00', 'mon': '09:30-21:00', 'tue': '09:30-21:00', 'wed': '09:30-21:00', 'thu': '09:30-21:00', 'fri': '09:30-21:00', 'sat': '09:30-21:00'}",https://d1sag4ddilekf6.cloudfront.net/compressed/merchants/4-CYNGPAE3GXVJR6/hero/bd11e19fbc86430e831673aacd8f01a5_1587632214055487586.jpeg,4.4,"[1.304883, 103.82402465633776]",2,7,TANGLIN,https://www.boostjuicebars.com.sg/drinks/
2992,Motherswork,Motherswork - Tanglin Mall,['Mart'],1.305248085,103.8239134,"{'open': True, 'displayedHours': '10:00-18:30', 'sun': '10:00-18:30', 'mon': '10:00-18:30', 'tue': '10:00-18:30', 'wed': '10:00-18:30', 'thu': '10:00-18:30', 'fri': '10:00-18:30', 'sat': '10:00-18:30'}",https://d1sag4ddilekf6.cloudfront.net/compressed/merchants/4-C2MEWB5ZMA4CDE/hero/f89c31f600ff401091ef78b338c0f200_1616632894353079215.jpeg,5.0,"[1.305248085, 103.8239134]",2,7,TANGLIN,https://motherswork.com.sg/
3006,Nassim Hill,Nassim Hill - Tanglin Delivery Base,"['Bakery & Cake', 'Dessert', 'Pasta', 'Pizza', 'Sandwiches']",1.3058743,103.8230382,"{'open': True, 'displayedHours': '08:30-23:00', 'sun': '08:30-21:00', 'mon': 'Closed', 'tue': '08:30-20:45', 'wed': '08:30-20:45', 'thu': '08:30-20:45', 'fri': '08:30-20:45', 'sat': '08:30-23:00'}",https://d1sag4ddilekf6.cloudfront.net/compressed/merchants/4-CZEUTJJ2VBVZJA/hero/1a052ef691c744f4bfa006f8c689e2aa_1589190661699446896.jpeg,4.3,"[1.3058743, 103.8230382]",2,7,TANGLIN,https://nassimhill.com.sg/
3011,Cedele,Cedele - Tanglin Mall,"['Breakfast & Brunch', 'Healthy', 'Dessert', 'Bakery & Cake', 'Western']",1.3049657,103.8239323,"{'open': True, 'displayedHours': '10:00-18:30', 'sun': '10:00-18:30', 'mon': '10:00-18:30', 'tue': '10:00-18:30', 'wed': '10:00-18:30', 'thu': '10:00-18:30', 'fri': '10:00-18:30', 'sat': '10:00-18:30'}",https://d1sag4ddilekf6.cloudfront.net/compressed/merchants/SGDD07339/hero/c4d9639d244e48c1b62a56fab00a153e_1571632766965799765.png,4.5,"[1.3049657, 103.8239323]",2,7,TANGLIN,https://www.cedele.com/
3012,AB Grill,AB Grill - Commonwealth Crescent Market [#02-80],"['Western', 'Chicken', 'Pork']",1.30698755,103.800335,"{'displayedHours': 'Closed', 'sun': '11:30-20:00', 'mon': '11:30-20:00', 'tue': '11:30-20:00', 'wed': '11:30-20:00', 'thu': '11:30-20:00', 'fri': '11:30-20:00', 'sat': '11:30-20:00', 'tempClosed': True}",https://d1sag4ddilekf6.cloudfront.net/compressed/merchants/4-CZNVAUUXL2UGNX/hero/7fe8d5abfe044c0cac968f0c30dc3dd4_1599205844680931482.jpeg,0.0,"[1.30698755, 103.800335]",2,6,TANGLIN,https://www.instagram.com/ab_grill_sg/?hl=en
3016,San Pin Pao Fan,San Pin Pao Fan - Tanglin Mall,"['Chinese', 'Porridge', 'Seafood']",1.3048552433047718,103.82412931782386,"{'open': True, 'displayedHours': '11:00-20:00', 'sun': '11:00-20:00', 'mon': '11:00-20:00', 'tue': '11:00-20:00', 'wed': '11:00-20:00', 'thu': '11:00-20:00', 'fri': '11:00-20:00', 'sat': '11:00-20:00'}",https://d1sag4ddilekf6.cloudfront.net/compressed/merchants/4-C2LXJBVBLUBFNE/hero/aa232f1d4772498ebb6ec0bb47f7bc5c_1617624761930313953.jpeg,4.0,"[1.3048552433047718, 103.82412931782386]",2,7,TANGLIN,https://www.instagram.com/sanpinpaofan/?hl=en
3026,Hammee's,Hammee's - Commonwealth Crescent Market [#02-93],"['Western', 'Chicken']",1.3070011,103.80035958262512,"{'displayedHours': 'Closed', 'sun': 'Closed', 'mon': 'Closed', 'tue': 'Closed', 'wed': '14:00-14:15', 'thu': 'Closed', 'fri': 'Closed', 'sat': 'Closed', 'tempClosed': True}",https://d1sag4ddilekf6.cloudfront.net/compressed/merchants/4-CYLTMAKUT4BGLE/hero/upload-photo-Hero_Photo_7b78ed5c4c464808bcb4df249e5b3c8d_1557762333155481887.jpeg,4.5,"[1.3070011, 103.80035958262512]",2,6,TANGLIN,https://www.instagram.com/hammees_sg/?hl=en
3039,Ya Kun Family Café,Ya Kun Family Café - Gleneagles Hospital,"['Bread', 'Local', 'Coffee', 'Same Prices In-Store', 'Tea']",1.30748,103.82016973,"{'displayedHours': 'Closed', 'sun': '07:30-16:00', 'mon': '07:30-17:00', 'tue': '07:30-17:00', 'wed': '07:30-17:00', 'thu': '07:30-17:00', 'fri': '07:30-17:00', 'sat': '07:30-16:00', 'tempClosed': True}",https://d1sag4ddilekf6.cloudfront.net/compressed/merchants/4-CZKDNZNDE2MFE2/hero/c72de5dc9c1a466f8e3eb8ceefee46b2_1592384667968392922.jpeg,4.4,"[1.30748, 103.82016973]",2,7,TANGLIN,http://yakun.com/
3049,Bottles & Bottles,Bottles & Bottles - Tudor Court,"['Alcohol', 'Mart']",1.3052867,103.82457041,"{'displayedHours': 'Closed', 'sun': '10:00-22:00', 'mon': 'Closed', 'tue': 'Closed', 'wed': 'Closed', 'thu': 'Closed', 'fri': 'Closed', 'sat': 'Closed'}",https://d1sag4ddilekf6.cloudfront.net/compressed/merchants/4-CYXJUAKKLYEFSA/hero/3eb554cacfb44f1db6ba3fbd52a87bf0_1589953167413060078.jpeg,4.8,"[1.3052867, 103.82457041]",2,7,TANGLIN,https://www.bnb.com.sg/
3103,Bee Yee Teochew Famous Fishball Kuay Teow Mee,Bee Yee Teochew Famous Fishball Kuay Teow Mee - Commonwealth Drive,"['Asian', 'Breakfast & Brunch', 'Chinese', 'Kids Friendly', 'Local']",1.3066,103.80024,"{'displayedHours': 'Closed', 'sun': '06:30-21:00', 'mon': '06:30-21:00', 'tue': '06:30-21:00', 'wed': '06:30-21:00', 'thu': '06:30-21:00', 'fri': '06:30-21:00', 'sat': '06:30-21:00', 'tempClosed': True}",https://d1sag4ddilekf6.cloudfront.net/compressed/merchants/4-C2TJC7LCCVMKLJ/hero/3beb3d8ec1b54ad4949b985f96f08285_1620896119637295695.jpeg,0.0,"[1.3066, 103.80024]",2,6,TANGLIN,https://www.tripadvisor.com.sg/Restaurant_Review-g294265-d15702763-Reviews-Bee_Yee_Teochew_Famous_Fish_Ball_Kuay_Teow_Mee-Singapore.html
3105,HighBox,HighBox - Southwest,"['Alcohol', 'Wine', 'Beverages', 'Mart']",1.3066663,103.80043166666668,"{'open': True, 'displayedHours': '00:00-01:45 11:15-23:59', 'sun': '00:00-01:45 11:15-23:59', 'mon': '00:00-01:45 11:15-23:59', 'tue': '00:00-01:45 11:15-23:59', 'wed': '00:00-01:45 11:15-23:59', 'thu': '00:00-01:45 11:15-23:59', 'fri': '00:00-01:45 11:15-23:59', 'sat': '00:00-01:45 11:15-23:59'}",https://d1sag4ddilekf6.cloudfront.net/compressed/merchants/4-C2JYPCBVCFEEAE/hero/dca210156ca346249dac396694577bb8_1612417208454389652.jpeg,5.0,"[1.3066663, 103.80043166666668]",2,6,TANGLIN,https://food.grab.com/sg/en/restaurant/highbox-saint-patrick-s-delivery/4-C24ACVCFRK6YCE
3108,ROA Midnight Cakes & Dessert,ROA Midnight Cakes & Dessert - Southwest,"['Dessert', 'Cake', 'Mart', 'Gluten-Free', 'Vegan']",1.3067470499999998,103.8003938,"{'open': True, 'displayedHours': '00:00-01:45 11:15-23:59', 'sun': '00:00-01:45 11:15-23:59', 'mon': '00:00-01:45 11:15-23:59', 'tue': '00:00-01:45 11:15-23:59', 'wed': '00:00-01:45 11:15-23:59', 'thu': '00:00-01:45 11:15-23:59', 'fri': '00:00-01:45 11:15-23:59', 'sat': '00:00-01:45 11:15-23:59'}",https://d1sag4ddilekf6.cloudfront.net/compressed/merchants/4-CZN2DCKTR7MKWE/hero/410ac3de954241179bd11bdc85903f46_1602166466040851705.jpeg,4.7,"[1.3067470499999998, 103.8003938]",2,6,TANGLIN,https://roa.com.sg/
3110,Eureka Popcorn Mart,Eureka Popcorn Mart - Southwest,"['Mart', 'Dessert', 'Snacks']",1.306746925,103.8004153,"{'open': True, 'displayedHours': '00:00-01:45 11:15-23:59', 'sun': '00:00-01:45 11:15-23:59', 'mon': '00:00-01:45 11:15-23:59', 'tue': '00:00-01:45 11:15-23:59', 'wed': '00:00-01:45 11:15-23:59', 'thu': '00:00-01:45 11:15-23:59', 'fri': '00:00-01:45 11:15-23:59', 'sat': '00:00-01:45 11:15-23:59'}",https://d1sag4ddilekf6.cloudfront.net/compressed/merchants/4-CZJYDEJYT2UXGT/hero/e565637474a34d17ac6f65b4df049c3e_1592281466377454830.jpeg,5.0,"[1.306746925, 103.8004153]",2,6,TANGLIN,https://mart.grab.com/sg/en/merchant/4-CYNXNEEDJ4JFHA
3112,Colgate Official Store,Colgate Official Store - Southwest,"['Health & Wellness', 'Mart', 'Groceries', 'Health & Beauty']",1.30673218,103.80045339,"{'open': True, 'displayedHours': '00:00-01:45 11:15-23:59', 'sun': '00:00-01:45 11:15-23:59', 'mon': '00:00-01:45 11:15-23:59', 'tue': '00:00-01:45 11:15-23:59', 'wed': '00:00-01:45 11:15-23:59', 'thu': '00:00-01:45 11:15-23:59', 'fri': '00:00-01:45 11:15-23:59', 'sat': '00:00-01:45 11:15-23:59'}",https://d1sag4ddilekf6.cloudfront.net/compressed/merchants/4-CZEHRYN3GJLJAT/hero/a9fee5a26ad64c42a4a38a3539763e5c_1593403393468002575.jpeg,4.7,"[1.30673218, 103.80045339]",2,6,TANGLIN,https://www.colgatepalmolive.com/en-us/contact-us/where-to-buy
3165,Seafood Park,Seafood Park - Commonwealth Crescent,"['Seafood', 'Local', 'Islandwide Delivery']",1.3070372475,103.800755,"{'open': True, 'displayedHours': '11:00-22:30', 'sun': '11:00-22:30', 'mon': '11:00-14:00 16:30-22:30', 'tue': '11:00-14:00 16:30-22:30', 'wed': '11:00-14:00 16:30-22:30', 'thu': '11:00-14:00 16:30-22:30', 'fri': '11:00-14:00 16:30-22:30', 'sat': '11:00-22:30'}",https://d1sag4ddilekf6.cloudfront.net/compressed/merchants/4-CYVKTCEKC6KJNE/hero/a50259213a3241968f9c43442db4f8ba_1568791532574883297.jpeg,4.3,"[1.3070372475, 103.800755]",2,6,TANGLIN,https://www.foodpanda.sg/restaurant/bom3/seafood-park-tampines
3231,Haruyuki Japanese Restaurant,Rakuichi Japanese Restaurant - Dempsey Road,"['Japanese', 'Islandwide Delivery']",1.3031808,103.81029732803007,"{'open': True, 'displayedHours': '12:00-18:00 18:00-20:30', 'sun': '12:00-18:00 18:00-20:30', 'mon': '12:00-18:00 18:00-20:30', 'tue': '12:00-18:00 18:00-20:30', 'wed': '12:00-18:00 18:00-20:30', 'thu': '11:30-18:00 18:00-20:30', 'fri': '12:00-18:00 18:00-20:30', 'sat': '12:00-18:00 18:00-20:30'}",https://d1sag4ddilekf6.cloudfront.net/compressed/merchants/4-CYLCC2DHR7CVT2/hero/upload-photo-Hero_Photo_ea91ed95528e4802b803cecf1ad349ef_1557480718373234170.jpeg,4.1,"[1.3031808, 103.81029732803007]",2,6,TANGLIN,https://www.facebook.com/HaruyukiJapaneseRestaurant/
3248,Da Paolo Dempsey,Da Paolo Dempsey - Dempsey Road,"['Alcohol', 'Dessert', 'Italian', 'Mart', 'Fresh Produce']",1.30438,103.809388,"{'open': True, 'displayedHours': '08:00-21:30', 'sun': '08:00-21:30', 'mon': '08:00-21:30', 'tue': '08:00-21:30', 'wed': '08:00-21:30', 'thu': '08:00-21:30', 'fri': '08:00-21:30', 'sat': '08:00-21:30'}",https://d1sag4ddilekf6.cloudfront.net/compressed/merchants/4-C2MTRXCGRBTDLJ/hero/c2bbce24ebec42e28477c8f2e3c42032_1619154494916784286.jpeg,0.0,"[1.30438, 103.809388]",2,6,TANGLIN,https://www.dapaolo.com.sg/dempsey
3256,Tiong Bahru Bakery,Tiong Bahru Bakery - Safari [Islandwide Delivery],"['Bakery', 'Coffee', 'Breakfast & Brunch', 'Dessert', 'Cake']",1.3057465,103.81581464165455,"{'open': True, 'displayedHours': '08:00-18:00', 'sun': '08:00-18:00', 'mon': '08:00-18:00', 'tue': '08:00-18:00', 'wed': '08:00-18:00', 'thu': '08:00-18:00', 'fri': '08:00-18:00', 'sat': '08:00-18:00'}",https://d1sag4ddilekf6.cloudfront.net/compressed/merchants/4-CY6XVVMWVKBXEN/hero/b25d56c16b28457ab063c701d33aa52f_1585193263924730007.jpeg,4.3,"[1.3057465, 103.81581464165455]",2,7,TANGLIN,https://www.tiongbahrubakery.com/
3263,Glory Minimart,Glory Minimart - Farrer Drive,['Mart'],1.31271,103.80648,"{'open': True, 'displayedHours': '09:30-19:30', 'sun': 'Closed', 'mon': '09:30-19:30', 'tue': '09:30-19:30', 'wed': '09:30-19:30', 'thu': '09:30-19:30', 'fri': '09:30-19:30', 'sat': '09:30-19:30'}",https://d1sag4ddilekf6.cloudfront.net/compressed/merchants/4-C2JKLFJBECE3HE/hero/3eaf784cc7fc4946a9010b553ebdcc32_1610951501268709449.jpg,0.0,"[1.31271, 103.80648]",3,6,TANGLIN,https://www.companies.sg/business/35113500J/GLORY-MINIMART
3266,Pano Kato,Pano Kato - Tanglin Mall,"['Middle Eastern', 'Pizza', 'Kids Friendly', 'Vegan']",1.3048914,103.8236984,"{'open': True, 'displayedHours': '09:00-23:00', 'sun': '09:00-23:00', 'mon': '09:00-22:00', 'tue': '09:00-22:00', 'wed': '09:00-22:00', 'thu': '09:00-22:00', 'fri': '09:00-23:00', 'sat': '09:00-23:00'}",https://d1sag4ddilekf6.cloudfront.net/compressed/merchants/4-CZDYLB3XGBT3NT/hero/4f5b99bceeed4a959fa4c97c9781e7b2_1587719608007129143.jpeg,3.8,"[1.3048914, 103.8236984]",2,7,TANGLIN,https://houseofanli.com/pages/pano-kato
3272,Tanglin Food Hall,Tanglin Food Hall - Tanglin Mall,"['Asian', 'Western', 'Chinese', 'Japanese']",1.3048904482393482,103.8239396905513,"{'open': True, 'displayedHours': '10:30-20:00', 'sun': '10:30-20:00', 'mon': '10:30-20:00', 'tue': '10:30-20:00', 'wed': '10:30-20:00', 'thu': '10:30-20:00', 'fri': '10:30-20:00', 'sat': '10:30-20:00'}",https://d1sag4ddilekf6.cloudfront.net/compressed/merchants/SGDD07269/hero/4b13764ddf24453b9b2b87d47fa1dd3e_1616567660917129824.jpeg,4.0,"[1.3048904482393482, 103.8239396905513]",2,7,TANGLIN,https://www.tripadvisor.com/ShowUserReviews-g294265-d2338946-r648910367-Tanglin_Mall-Singapore.html
3282,Chandra Banana Leaf,Chandra Banana Leaf - Tanglin Mall,"['Indian', 'Local']",1.3048358,103.82410215,"{'open': True, 'displayedHours': '10:00-20:30', 'sun': '10:00-20:30', 'mon': '10:00-20:30', 'tue': '10:00-20:00', 'wed': '10:00-20:30', 'thu': '10:00-20:30', 'fri': '10:00-20:30', 'sat': '10:00-20:30'}",https://d1sag4ddilekf6.cloudfront.net/compressed/merchants/4-CYVDRKNCJEKKVA/hero/7e2fea48068e4a24a71868bace94376b_1566876072681231648.jpeg,3.5,"[1.3048358, 103.82410215]",2,7,TANGLIN,https://www.facebook.com/chandrabananaleaf/
3295,JUMBO Seafood,JUMBO Seafood - Dempsey Hill,"['Chinese', 'Local', 'Seafood']",1.3043662988189442,103.8098433,"{'displayedHours': 'Closed', 'sun': 'Closed', 'mon': '11:30-14:00 17:30-21:00', 'tue': '11:30-14:00 17:30-21:00', 'wed': '11:30-14:00 17:30-21:00', 'thu': '11:30-14:00 17:30-21:00', 'fri': '11:30-14:00 17:30-21:00', 'sat': 'Closed'}",https://d1sag4ddilekf6.cloudfront.net/compressed/merchants/SGDD01669/hero/upload-photo-Hero_Photo_a02217ee5cea452da74e1fbeae67d509_1554896401730898399.jpeg,4.6,"[1.3043662988189442, 103.8098433]",2,6,TANGLIN,https://www.jumboseafood.com.sg/en/home
3298,Huang Da Fu Bak Chor Mee,Huang Da Fu Bak Chor Mee - Commonwealth Crescent Market [#02-94],"['Chinese', 'Local', 'Snack', 'Dessert']",1.307017487759252,103.8003856,"{'displayedHours': 'Closed', 'sun': '00:00-03:00 06:00-23:59', 'mon': '00:00-03:00 06:00-23:59', 'tue': '00:00-03:00 06:00-23:59', 'wed': '00:00-03:00 06:00-23:59', 'thu': '00:00-03:00 06:00-23:59', 'fri': '00:00-03:00 06:00-23:59', 'sat': '00:00-03:00 06:00-23:59', 'tempClosed': True}",https://d1sag4ddilekf6.cloudfront.net/compressed/merchants/4-CYLJWGDAV3MFLJ/hero/upload-photo-Hero_Photo_ae33a4c762c64792b3f4fdc849780ba9_1557470017059786688.png,4.2,"[1.307017487759252, 103.8003856]",2,6,TANGLIN,https://deliveroo.com.sg/menu/singapore/holland-village-coronation-drive/huang-da-fu
3301,Vflowers Gallery,Vflowers Gallery - Commonwealth Crescent,"['Mart', 'Flowers']",1.3071251,103.80038463333332,"{'displayedHours': 'Closed', 'sun': '07:00-13:30', 'mon': '06:30-13:00', 'tue': '06:30-13:00', 'wed': '06:30-13:45', 'thu': '06:00-13:30', 'fri': '06:30-13:30', 'sat': '06:00-13:30'}",https://d1sag4ddilekf6.cloudfront.net/compressed/merchants/4-CZEKCXDDL7EDCE/hero/2b73701ae94741ec94859d0d111baa01_1592213905347451426.png,4.2,"[1.3071251, 103.80038463333332]",2,6,TANGLIN,https://www.facebook.com/Hp82226775/
3303,Takanajuo,Takanajuo - Gleneagles Hospital,"['Asian', 'Chinese', 'Same Prices In-Store']",1.307363530202675,103.82007823272076,"{'displayedHours': 'Closed', 'sun': 'Closed', 'mon': '09:00-18:30', 'tue': '09:00-18:30', 'wed': '09:00-18:30', 'thu': '09:00-18:30', 'fri': '09:00-18:30', 'sat': '09:00-13:30', 'tempClosed': True}",https://d1sag4ddilekf6.cloudfront.net/compressed/merchants/SGDD01996/hero/Takanajuo_Hero_960X540.jpg,3.7,"[1.307363530202675, 103.82007823272076]",2,7,TANGLIN,https://www.tripadvisor.com/Restaurant_Review-g294265-d15703717-Reviews-Takanajuo-Singapore.html
5205,Sarpino's,Sarpino's - Dunearn Road Shell Service Station,"['Pizza', 'Western', 'Pasta', 'Vegetarian', 'Italian']",1.3232768,103.8173369,"{'open': True, 'displayedHours': '10:00-22:00', 'sun': '10:00-22:00', 'mon': '10:30-22:00', 'tue': '10:30-22:00', 'wed': '10:30-22:00', 'thu': '10:30-22:00', 'fri': '10:00-22:00', 'sat': '10:00-22:00'}",https://d1sag4ddilekf6.cloudfront.net/compressed/merchants/4-C2J3AY2FEBAZRE/hero/19b4ef0860534493875828c22a8157fa_1611923829814097972.jpeg,4.5,"[1.3232768, 103.8173369]",3,7,TANGLIN,https://sarpinos.com/sg/
5320,The Ice Cream Store,The Ice Cream Store - 314 Dunearn Road,"['Ice Cream', 'Mart']",1.323306,103.817323,"{'open': True, 'displayedHours': '00:00-23:59', 'sun': '00:00-23:59', 'mon': '00:00-23:59', 'tue': '00:00-23:59', 'wed': '00:00-23:59', 'thu': '00:00-23:59', 'fri': '00:00-23:59', 'sat': '00:00-23:59'}",https://d1sag4ddilekf6.cloudfront.net/compressed/merchants/4-C2NKCETTCJCCJA/hero/df52c8f5024f4f65aae6160d021b427d_1618919910995693758.jpeg,5.0,"[1.323306, 103.817323]",3,7,TANGLIN,https://www.foodpanda.sg/shop/v4ex/the-ice-cream-store-siglap
5335,Metropolitan YMCA,Metropolitan YMCA - Metropolitan YMCA,"['Beverages', 'Western', 'Dessert', 'Kids Friendly', 'Islandwide Delivery']",1.3163163,103.82645856598748,"{'open': True, 'displayedHours': '11:30-21:30', 'sun': '11:30-21:30', 'mon': '11:30-21:30', 'tue': '11:30-21:30', 'wed': '11:30-21:30', 'thu': '11:30-21:30', 'fri': '11:30-21:30', 'sat': '11:30-21:30'}",https://d1sag4ddilekf6.cloudfront.net/compressed/merchants/SGDD06004/hero/624a3ebb37884e2e8d90d59b4bdce206_1571124154738664813.jpeg,4.5,"[1.3163163, 103.82645856598748]",3,7,TANGLIN,https://www.mymca.org.sg/
5389,Mr Prata,Mr Prata - Evans Road,"['Indian', 'Local', 'Halal']",1.3184555,103.8199602,"{'open': True, 'displayedHours': '00:00-23:59', 'sun': '00:00-23:59', 'mon': '00:00-23:59', 'tue': '00:00-23:59', 'wed': '00:00-23:59', 'thu': '00:00-23:59', 'fri': '00:00-23:59', 'sat': '00:00-23:59'}",https://d1sag4ddilekf6.cloudfront.net/compressed/merchants/4-CYLXGETBRET3CX/hero/493f44f28cf14c39a6522c65fec10801_1561713632114043457.jpeg,4.1,"[1.3184555, 103.8199602]",3,7,TANGLIN,http://www.mrprata.com.sg/
5393,Gain Brands,Gain Brands - Dalvey Road,"['Alcohol', 'Mart', 'Cold Brew']",1.3138510305074398,103.8219821,"{'open': True, 'displayedHours': '11:30-21:00', 'sun': '11:30-21:00', 'mon': '11:30-21:00', 'tue': '11:30-21:30', 'wed': '11:30-21:30', 'thu': '11:30-21:30', 'fri': '11:30-21:30', 'sat': '11:30-21:00'}",https://d1sag4ddilekf6.cloudfront.net/compressed/merchants/SGDD11293/hero/upload-photo-Hero_Photo_2d9889e09f07484d8fbe8ebc73d84ec4_1556545642879055785.png,5.0,"[1.3138510305074398, 103.8219821]",3,7,TANGLIN,https://gainbrands.com/
5396,"Bread, Beer & Brez'n","Bread, Beer & Brez'n - Phoenix Park","['Western', 'Bread', 'Alcohol', 'Vegan']",1.2987706984576108,103.815517,"{'open': True, 'displayedHours': '10:15-22:00', 'sun': '10:15-22:00', 'mon': '10:15-22:00', 'tue': '10:15-22:00', 'wed': '10:15-22:00', 'thu': '10:15-22:00', 'fri': '10:15-22:00', 'sat': '10:15-22:00'}",https://d1sag4ddilekf6.cloudfront.net/compressed/merchants/SGDD11765/hero/upload-photo-Hero_Photo_8f52670c54704fe9ac080cb58fe94a70_1554107070412360016.jpeg,4.6,"[1.2987706984576108, 103.815517]",2,7,TANGLIN,https://bbnb.sg/
5420,Mr Bean,Mr Bean - Queenstown MRT,"['Snack', 'Dessert', 'Breakfast & Brunch', 'Beverages', 'Healthy']",1.2942804,103.8062144,"{'open': True, 'displayedHours': '10:00-21:00', 'sun': '09:00-21:00', 'mon': '09:00-21:00', 'tue': '09:00-21:00', 'wed': '09:00-21:00', 'thu': '09:00-21:00', 'fri': '09:00-21:00', 'sat': '10:00-21:00'}",https://d1sag4ddilekf6.cloudfront.net/compressed/merchants/SGDD08491/hero/e511581fd92d4cbca93d9da6159eba20_1602235020757001691.jpeg,4.2,"[1.2942804, 103.8062144]",2,6,TANGLIN,https://www.mrbean.com.sg/
5433,Monti A Casa,Monti A Casa - Botanic Gardens,"['Local', 'Italian', 'Pasta', 'Pizza']",1.318863517,103.8153692,"{'displayedHours': 'Closed', 'sun': 'Closed', 'mon': 'Closed', 'tue': 'Closed', 'wed': 'Closed', 'thu': 'Closed', 'fri': 'Closed', 'sat': 'Closed', 'tempClosed': True}",https://d1sag4ddilekf6.cloudfront.net/compressed/merchants/4-CZDGPAEGT22ERT/hero/724c5297a70045b58737efbbed5b35f4_1586668090292363151.jpg,0.0,"[1.318863517, 103.8153692]",3,7,TANGLIN,https://www.monti.sg/
5443,S'Mao Barbecue,S'Mao Barbecue - Singapore Botanic Gardens,"['Alcohol', 'BBQ', 'Steak', 'Western']",1.315165212,103.8163695,"{'displayedHours': 'Closed', 'sun': '12:00-19:30', 'mon': '12:00-19:30', 'tue': '12:00-19:30', 'wed': '12:00-19:30', 'thu': '12:00-19:30', 'fri': '12:00-19:30', 'sat': '12:00-19:30', 'tempClosed': True}",https://d1sag4ddilekf6.cloudfront.net/compressed/merchants/4-C2UHA7EHTEDKGN/hero/3c90b9921fa548578647c857ea96eb80_1622714112937614743.jpeg,0.0,"[1.315165212, 103.8163695]",3,7,TANGLIN,https://www.smaobarbecue.com.sg/menu
5706,Taste (Swiss Butchery),Taste (Swiss Butchery) - Tanglin Road [Islandwide Delivery],"['Groceries', 'Mart', 'Islandwide Delivery']",1.3056468666666667,103.82304276666667,"{'displayedHours': 'Closed', 'sun': '08:00-20:00', 'mon': '08:00-20:00', 'tue': '08:00-20:00', 'wed': '08:00-20:00', 'thu': '08:00-20:00', 'fri': '08:00-20:00', 'sat': '08:00-20:00', 'tempClosed': True}",https://d1sag4ddilekf6.cloudfront.net/compressed/merchants/4-CZNUFEKHCEMXCA/hero/585179af74274a008c381c675e802975_1608537303643531402.png,5.0,"[1.3056468666666667, 103.82304276666667]",2,7,TANGLIN,https://swissbutchery.sg/
5856,Shell Select,Shell Select - 314 Dunearn Road,"['Alcohol', 'Mart', 'Convenience', 'Groceries', 'Snacks']",1.3233083333333333,103.8173497,"{'open': True, 'displayedHours': '00:00-23:59', 'sun': '00:00-23:59', 'mon': '00:00-23:59', 'tue': '00:00-23:59', 'wed': '00:00-23:59', 'thu': '00:00-23:59', 'fri': '00:00-23:59', 'sat': '00:00-23:59'}",https://d1sag4ddilekf6.cloudfront.net/compressed/merchants/4-CZCZNEKAL3M1EE/hero/86a86dac68144a68899d2ea849eef769_1585739150107607277.jpeg,4.7,"[1.3233083333333333, 103.8173497]",3,7,TANGLIN,https://www.shell.com.sg/motorists/shell-station-locator.html
5866,Unity,Unity - Tanglin Mall,"['Wellness', 'Pharmacy', 'Mart', 'Health & Beauty', 'Pharmacy/Health']",1.3049156021669963,103.8239739,"{'open': True, 'displayedHours': '10:30-20:30', 'sun': '10:30-20:30', 'mon': '10:30-20:30', 'tue': '10:30-20:30', 'wed': '10:30-20:30', 'thu': '10:30-20:30', 'fri': '10:30-20:30', 'sat': '10:30-20:30'}",https://d1sag4ddilekf6.cloudfront.net/compressed/merchants/4-CZLGVNAHAN2DCJ/hero/e9b0eb3a935548d78ce71db4ac4e7a0e_1594964867813659450.jpeg,4.7,"[1.3049156021669963, 103.8239739]",2,7,TANGLIN,https://unity.com/
5913,Mala Hotpot & Chinese Food,Mala Hotpot & Chinese Food - NUS BTC,"['Asian', 'Beverages', 'Chicken', 'Chinese', 'Seafood']",1.3190749999999998,103.816518,"{'displayedHours': 'Closed', 'sun': '10:00-18:00', 'mon': '10:00-18:00', 'tue': '10:00-18:00', 'wed': '10:00-18:00', 'thu': '10:00-18:00', 'fri': '10:00-18:00', 'sat': 'Closed'}",https://d1sag4ddilekf6.cloudfront.net/compressed/merchants/4-CZKCTX6UNF5XLT/hero/396512d8ba8a4cab91629ee88244f4b4_1593064935578538705.png,3.1,"[1.3190749999999998, 103.816518]",3,7,TANGLIN,https://lawaychinese.com/
5922,Food For Tots,Food For Tots - Jacob Ballas Children’s Garden,"['Western', 'Burger', 'Coffee', 'Tea', 'Kids Friendly']",1.3208555,103.8177929,"{'displayedHours': 'Closed', 'sun': '09:00-16:00', 'mon': 'Closed', 'tue': '09:30-15:00', 'wed': '09:30-15:00', 'thu': '09:30-15:00', 'fri': '09:30-15:00', 'sat': '09:00-16:00', 'tempClosed': True}",https://d1sag4ddilekf6.cloudfront.net/compressed/merchants/SGDD11018/hero/Food_for_Tots_Hero_960x540.jpg,5.0,"[1.3208555, 103.8177929]",3,7,TANGLIN,https://food-4tots.com/
6074,Bee’s Knees at The Garage,Bee's Knees at The Garage - Cluny Park Road,"['Western', 'Pizza', 'Pasta', 'Islandwide Delivery']",1.3188942,103.81535694187244,"{'open': True, 'displayedHours': '08:00-21:20', 'sun': '08:00-21:20', 'mon': '08:00-21:20', 'tue': '08:00-21:20', 'wed': '08:00-21:20', 'thu': '08:00-21:20', 'fri': '08:00-21:20', 'sat': '08:00-21:20'}",https://d1sag4ddilekf6.cloudfront.net/compressed/merchants/SGDD05449/hero/BeesKnees_Hero_16x9.jpg,4.4,"[1.3188942, 103.81535694187244]",3,7,TANGLIN,https://www.thegarage.sg/bees-knees/
11253,Unity,Unity - Dawson Place,"['Pharmacy', 'Wellness', 'Mart', 'Health & Beauty', 'Pharmacy/Health']",1.2926567,103.81079668333334,"{'displayedHours': 'Closed', 'sun': '08:30-21:30', 'mon': '08:30-21:30', 'tue': '08:30-21:30', 'wed': '08:30-21:30', 'thu': '09:00-21:30', 'fri': '08:30-20:45', 'sat': '08:30-21:30'}",https://d1sag4ddilekf6.cloudfront.net/compressed/merchants/4-CZLGVLC2NALCG6/hero/d291657a9ac54663be1ff56ea95186b1_1594964996018960721.jpeg,4.7,"[1.2926567, 103.81079668333334]",2,6,TANGLIN,https://unity.com/
11259,Chopsuey Cafe,Chopsuey Cafe - Dempsey Road,"['Asian', 'Local']",1.3030955999999998,103.8103276,"{'displayedHours': 'Closed', 'sun': '11:30-21:00', 'mon': '11:30-21:00', 'tue': '11:30-21:00', 'wed': '11:30-21:00', 'thu': '11:30-21:00', 'fri': '11:30-21:00', 'sat': '11:30-21:00'}",https://d1sag4ddilekf6.cloudfront.net/compressed/merchants/SGDD08723/hero/upload-photo-Hero_Photo_7637f478fbd5483c9b8327a7e16eb203_1554955625220424356.jpeg,3.8,"[1.3030955999999998, 103.8103276]",2,6,TANGLIN,https://www.pscafe.com/chopsuey-cafe-at-dempsey-hill
11802,McDonald's,McDonald's - Queensway,"['Chicken', 'Fast Food', 'Halal', 'Burger']",1.3042781352996824,103.8019935004413,"{'open': True, 'displayedHours': '00:00-23:59', 'sun': '00:00-23:59', 'mon': '00:00-01:45 07:00-23:59', 'tue': '00:00-01:45 07:00-23:59', 'wed': '00:00-01:45 07:00-23:59', 'thu': '00:00-01:45 07:00-23:59', 'fri': '00:00-01:45 07:00-23:59', 'sat': '00:00-23:59'}",https://d1sag4ddilekf6.cloudfront.net/compressed/merchants/SGDD04937/hero/3b0c032d4cf4440d99221844a32f666b_1622082614867391893.jpeg,4.3,"[1.3042781352996824, 103.8019935004413]",2,6,TANGLIN,https://mcdonalds.com.sg/
